surveyId,hitId,AssignmentId,workerId,age,gender,education,occupation,Hispanic,race,Political,zipcode,duration,feelAboutAd,q1,q2,q3,q4,q5,q6,q7,q8,q9,q10,q11,q12,q13,q14,q15,q16,image1,image2,image3,image4,image5,image6,image7,image8,image9,image10,image11,image12,image13,image14,image15,image16
41,3GL25Y68447LR44B8F75ZD9HSW1XM2,3GNCZX450K0H3ERPFNCKLTN32LDPAU,A14RN18WKWWP7W,19,Male,highschool,unemployed,No,white,democrat,40475,117.0,2,4,2,2,2,2,4,2,2,2,2,2,4,2,4,2,2,Alternet Page - Adidas.png,Alternet Page - Polar Bear.png,Book - NRA.png,Book - bp.png,Breitbart Page - Fasion.png,Breitbart Page - NRA.PNG,Daily Kos Page - bp.png,Daily Kos Page - NRA.png,Food - Impeach.png,Food - Wallet.png,NewsMax Page - Wallet.png,NewsMax Page - Liberal Quiz.png,NYT Page - NRA.png,NYT Page - Adidas.png,NYT Page2 - Liberal Quiz.png,NYT Page2 - bp.png
41,3GL25Y68447LR44B8F75ZD9HSW1XM2,3IUZPWIU1QKDZ0XC303471YV0UAWKB,A30TJWK130LWSF,30,Female,grad,employed_other,No,white,republican,02035,270.0,1,1,4,1,3,2,4,5,1,1,3,4,5,1,5,1,1,Alternet Page - Adidas.png,Alternet Page - Polar Bear.png,Book - NRA.png,Book - bp.png,Breitbart Page - Fasion.png,Breitbart Page - NRA.PNG,Daily Kos Page - bp.png,Daily Kos Page - NRA.png,Food - Impeach.png,Food - Wallet.png,NewsMax Page - Wallet.png,NewsMax Page - Liberal Quiz.png,NYT Page - NRA.png,NYT Page - Adidas.png,NYT Page2 - Liberal Quiz.png,NYT Page2 - bp.png
41,3GL25Y68447LR44B8F75ZD9HSW1XM2,3TXMY6UCAG1QW5P2ZEN0RT317KKQCO,A2VNR6984SDFGQ,45,Female,grad,employed_other,No,white,republican,19608,1081.0,1,1,4,4,1,1,5,5,3,3,4,5,5,3,5,1,3,Alternet Page - Adidas.png,Alternet Page - Polar Bear.png,Book - NRA.png,Book - bp.png,Breitbart Page - Fasion.png,Breitbart Page - NRA.PNG,Daily Kos Page - bp.png,Daily Kos Page - NRA.png,Food - Impeach.png,Food - Wallet.png,NewsMax Page - Wallet.png,NewsMax Page - Liberal Quiz.png,NYT Page - NRA.png,NYT Page - Adidas.png,NYT Page2 - Liberal Quiz.png,NYT Page2 - bp.png
41,3GL25Y68447LR44B8F75ZD9HSW1XM2,3RXCAC0YIT2X7D5BF62JVT3GB6Q8G5,A3G1X3IP2VM4IK,26,Female,some_college,student,No,african-american,democrat,62864,1277.0,3,2,4,2,1,2,5,1,2,1,1,1,5,1,5,1,1,Alternet Page - Adidas.png,Alternet Page - Polar Bear.png,Book - NRA.png,Book - bp.png,Breitbart Page - Fasion.png,Breitbart Page - NRA.PNG,Daily Kos Page - bp.png,Daily Kos Page - NRA.png,Food - Impeach.png,Food - Wallet.png,NewsMax Page - Wallet.png,NewsMax Page - Liberal Quiz.png,NYT Page - NRA.png,NYT Page - Adidas.png,NYT Page2 - Liberal Quiz.png,NYT Page2 - bp.png
41,3GL25Y68447LR44B8F75ZD9HSW1XM2,3DI28L7YXCRHCZPZAQ3GGGVWKK6E1B,A35QZFRG4FKK3Z,68,Female,grad,unemployed,No,white,lean-republican,37042,701.0,1,2,4,1,2,1,5,5,2,1,4,5,5,1,5,2,1,Alternet Page - Adidas.png,Alternet Page - Polar Bear.png,Book - NRA.png,Book - bp.png,Breitbart Page - Fasion.png,Breitbart Page - NRA.PNG,Daily Kos Page - bp.png,Daily Kos Page - NRA.png,Food - Impeach.png,Food - Wallet.png,NewsMax Page - Wallet.png,NewsMax Page - Liberal Quiz.png,NYT Page - NRA.png,NYT Page - Adidas.png,NYT Page2 - Liberal Quiz.png,NYT Page2 - bp.png
41,3GL25Y68447LR44B8F75ZD9HSW1XM2,3C44YUNSI32F1LU1ZX3MBUV9NOADPK,A1OUW7QIYVQ4PX,23,Female,some_college,unemployed,Yes,white,lean-democrat,93308,2728.0,4,4,3,4,5,4,3,5,3,4,3,4,4,3,5,3,5,Alternet Page - Adidas.png,Alternet Page - Polar Bear.png,Book - NRA.png,Book - bp.png,Breitbart Page - Fasion.png,Breitbart Page - NRA.PNG,Daily Kos Page - bp.png,Daily Kos Page - NRA.png,Food - Impeach.png,Food - Wallet.png,NewsMax Page - Wallet.png,NewsMax Page - Liberal Quiz.png,NYT Page - NRA.png,NYT Page - Adidas.png,NYT Page2 - Liberal Quiz.png,NYT Page2 - bp.png
41,3GL25Y68447LR44B8F75ZD9HSW1XM2,317HQ483I95W6BYABWR5Y26RFEHINV,A2JSIDRTDGDC7T,66,Female,bachelors,employed_stem,Yes,native,democrat,24538,2721.0,4,2,5,2,2,2,2,2,2,2,5,5,5,2,2,2,2,Alternet Page - Adidas.png,Alternet Page - Polar Bear.png,Book - NRA.png,Book - bp.png,Breitbart Page - Fasion.png,Breitbart Page - NRA.PNG,Daily Kos Page - bp.png,Daily Kos Page - NRA.png,Food - Impeach.png,Food - Wallet.png,NewsMax Page - Wallet.png,NewsMax Page - Liberal Quiz.png,NYT Page - NRA.png,NYT Page - Adidas.png,NYT Page2 - Liberal Quiz.png,NYT Page2 - bp.png
41,3GL25Y68447LR44B8F75ZD9HSW1XM2,3TVSS0C0E3DC2JNZX9HW8SLRJ73TWG,A22CN9X0JP1HM4,33,Male,grad,employed_other,Yes,asian,republican,10001,4411.0,2,2,3,2,4,2,4,5,2,3,1,4,2,4,2,4,2,Alternet Page - Adidas.png,Alternet Page - Polar Bear.png,Book - NRA.png,Book - bp.png,Breitbart Page - Fasion.png,Breitbart Page - NRA.PNG,Daily Kos Page - bp.png,Daily Kos Page - NRA.png,Food - Impeach.png,Food - Wallet.png,NewsMax Page - Wallet.png,NewsMax Page - Liberal Quiz.png,NYT Page - NRA.png,NYT Page - Adidas.png,NYT Page2 - Liberal Quiz.png,NYT Page2 - bp.png
41,3GL25Y68447LR44B8F75ZD9HSW1XM2,3DIP6YHAPE5ZNZ9K9BCVVQI4YR58EK,A10ZGXVKF5UG4A,27,Male,bachelors,employed_stem,Yes,white,democrat,67745,277.0,5,5,4,4,5,4,5,4,5,4,4,4,5,4,5,4,5,Alternet Page - Adidas.png,Alternet Page - Polar Bear.png,Book - NRA.png,Book - bp.png,Breitbart Page - Fasion.png,Breitbart Page - NRA.PNG,Daily Kos Page - bp.png,Daily Kos Page - NRA.png,Food - Impeach.png,Food - Wallet.png,NewsMax Page - Wallet.png,NewsMax Page - Liberal Quiz.png,NYT Page - NRA.png,NYT Page - Adidas.png,NYT Page2 - Liberal Quiz.png,NYT Page2 - bp.png
42,3K3G488TR3L3A0ITU2VRO3229YOQ58,3GNA64GUZGH5XKGNK40SDNXRF3YQ5G,A3FX8FQUO173RE,28,Female,some_college,employed_other,No,white,republican,98328,240.0,1,1,1,1,1,1,3,4,1,1,1,1,5,1,1,1,1,Alternet Page - bp.png,Alternet Page - Polar Bear.png,Book - NRA.png,Book - bp.png,Breitbart Page - Adias.PNG,Breitbart Page - Impeach.png,Daily Kos Page - Adidas.png,Daily Kos Page - Impeach.png,Food - Impeach.png,Food - bp.png,NewsMax Page - Adidas.png,NewsMax Page - Liberal Quiz.png,NYT Page - NRA.png,NYT Page - Wallet.png,NYT Page2 - NRA.png,NYT Page2 - Wallet.png
42,3K3G488TR3L3A0ITU2VRO3229YOQ58,30H4UDGLT4VI5F0ECQ2PUKI3W22MPB,A3AG3WP77JFG1T,19,Female,some_college,employed_biz,Yes,white,independent,06117,153.0,4,4,4,4,3,2,4,1,4,2,2,2,4,2,2,2,1,Alternet Page - bp.png,Alternet Page - Polar Bear.png,Book - NRA.png,Book - bp.png,Breitbart Page - Adias.PNG,Breitbart Page - Impeach.png,Daily Kos Page - Adidas.png,Daily Kos Page - Impeach.png,Food - Impeach.png,Food - bp.png,NewsMax Page - Adidas.png,NewsMax Page - Liberal Quiz.png,NYT Page - NRA.png,NYT Page - Wallet.png,NYT Page2 - NRA.png,NYT Page2 - Wallet.png
42,3K3G488TR3L3A0ITU2VRO3229YOQ58,3BDCF01OGZ7S8BAU31XT7YWQ02FLY2,A3KA1TOLU6HWHE,31,Female,highschool,employed_stem,No,african-american,independent,23462,379.0,5,1,5,5,4,5,1,1,5,1,1,1,1,5,5,1,1,Alternet Page - bp.png,Alternet Page - Polar Bear.png,Book - NRA.png,Book - bp.png,Breitbart Page - Adias.PNG,Breitbart Page - Impeach.png,Daily Kos Page - Adidas.png,Daily Kos Page - Impeach.png,Food - Impeach.png,Food - bp.png,NewsMax Page - Adidas.png,NewsMax Page - Liberal Quiz.png,NYT Page - NRA.png,NYT Page - Wallet.png,NYT Page2 - NRA.png,NYT Page2 - Wallet.png
42,3K3G488TR3L3A0ITU2VRO3229YOQ58,3GD6L00D3UAFONHCRORZTO05TMX1MN,A3HSONMX6LNZR4,60,Male,grad,employed_stem,No,white,democrat,97478,155.0,1,1,1,1,2,1,4,2,4,1,1,1,4,1,1,1,1,Alternet Page - bp.png,Alternet Page - Polar Bear.png,Book - NRA.png,Book - bp.png,Breitbart Page - Adias.PNG,Breitbart Page - Impeach.png,Daily Kos Page - Adidas.png,Daily Kos Page - Impeach.png,Food - Impeach.png,Food - bp.png,NewsMax Page - Adidas.png,NewsMax Page - Liberal Quiz.png,NYT Page - NRA.png,NYT Page - Wallet.png,NYT Page2 - NRA.png,NYT Page2 - Wallet.png
42,3K3G488TR3L3A0ITU2VRO3229YOQ58,33SA9F9TRZ7AD0527ES196LQGXEWER,A2AIKNV0CODJ9G,30,Female,highschool,unemployed,No,white,unsure,62901,226.0,2,1,1,1,1,1,1,2,1,1,1,1,4,1,1,1,1,Alternet Page - bp.png,Alternet Page - Polar Bear.png,Book - NRA.png,Book - bp.png,Breitbart Page - Adias.PNG,Breitbart Page - Impeach.png,Daily Kos Page - Adidas.png,Daily Kos Page - Impeach.png,Food - Impeach.png,Food - bp.png,NewsMax Page - Adidas.png,NewsMax Page - Liberal Quiz.png,NYT Page - NRA.png,NYT Page - Wallet.png,NYT Page2 - NRA.png,NYT Page2 - Wallet.png
42,3K3G488TR3L3A0ITU2VRO3229YOQ58,37C0GNLMHHG7RFCWK14D5U4SSJK6D7,A1T643M1P572AA,38,Male,associates,employed_other,No,white,republican,45805,1284.0,4,1,1,4,2,2,5,2,4,1,1,1,4,4,4,2,3,Alternet Page - bp.png,Alternet Page - Polar Bear.png,Book - NRA.png,Book - bp.png,Breitbart Page - Adias.PNG,Breitbart Page - Impeach.png,Daily Kos Page - Adidas.png,Daily Kos Page - Impeach.png,Food - Impeach.png,Food - bp.png,NewsMax Page - Adidas.png,NewsMax Page - Liberal Quiz.png,NYT Page - NRA.png,NYT Page - Wallet.png,NYT Page2 - NRA.png,NYT Page2 - Wallet.png
42,3K3G488TR3L3A0ITU2VRO3229YOQ58,3YWRV122CUCGCV66ZBR0Z847KEBU8X,A17Y8Z3QQIF9J4,61,Female,associates,unemployed,No,white,democrat,37312,1570.0,4,2,4,3,1,1,5,4,4,1,1,1,5,1,4,1,4,Alternet Page - bp.png,Alternet Page - Polar Bear.png,Book - NRA.png,Book - bp.png,Breitbart Page - Adias.PNG,Breitbart Page - Impeach.png,Daily Kos Page - Adidas.png,Daily Kos Page - Impeach.png,Food - Impeach.png,Food - bp.png,NewsMax Page - Adidas.png,NewsMax Page - Liberal Quiz.png,NYT Page - NRA.png,NYT Page - Wallet.png,NYT Page2 - NRA.png,NYT Page2 - Wallet.png
42,3K3G488TR3L3A0ITU2VRO3229YOQ58,3WQ3B2KGEATJ5WDF0Z1QF8PBHN6B1L,A22FB697ZHHLHC,26,Male,bachelors,employed_stem,No,white,lean-democrat,80211,176.0,2,2,4,3,2,2,5,2,4,2,2,2,5,2,4,1,4,Alternet Page - bp.png,Alternet Page - Polar Bear.png,Book - NRA.png,Book - bp.png,Breitbart Page - Adias.PNG,Breitbart Page - Impeach.png,Daily Kos Page - Adidas.png,Daily Kos Page - Impeach.png,Food - Impeach.png,Food - bp.png,NewsMax Page - Adidas.png,NewsMax Page - Liberal Quiz.png,NYT Page - NRA.png,NYT Page - Wallet.png,NYT Page2 - NRA.png,NYT Page2 - Wallet.png
42,3K3G488TR3L3A0ITU2VRO3229YOQ58,3VFJCI1K41C3PIK7EF8JMAYL1YOGRZ,AAQGL7BD4ADZF,22,Male,bachelors,employed_other,No,white,independent,29020,3463.0,3,4,3,4,3,4,3,2,5,3,4,3,5,3,4,3,4,Alternet Page - bp.png,Alternet Page - Polar Bear.png,Book - NRA.png,Book - bp.png,Breitbart Page - Adias.PNG,Breitbart Page - Impeach.png,Daily Kos Page - Adidas.png,Daily Kos Page - Impeach.png,Food - Impeach.png,Food - bp.png,NewsMax Page - Adidas.png,NewsMax Page - Liberal Quiz.png,NYT Page - NRA.png,NYT Page - Wallet.png,NYT Page2 - NRA.png,NYT Page2 - Wallet.png
43,3SCKNODZ0YTXU7JK23I7ITLTVTX7NI,32ZKVD547H0FFZRUN3F93148F76B3Z,AKMIORNF40ST7,44,Male,some_college,employed_stem,No,white,democrat,19438,121.0,3,5,4,4,4,3,4,3,4,2,2,4,4,4,3,2,2,Alternet Page - bp.png,Alternet Page - Liberal Quiz.png,Book - Impeach.png,Book - Fasion.png,Breitbart Page - Wallet.png,Breitbart Page - Liberal Quiz.PNG,Daily Kos Page - Fasion.png,Daily Kos Page - Polar Bear.png,Food - Polar Bear.png,Food - Wallet.png,NewsMax Page - Fasion.png,NewsMax Page - NRA.png,NYT Page - Liberal Quiz.png,NYT Page - bp.png,NYT Page2 - NRA.png,NYT Page2 - bp.png
43,3SCKNODZ0YTXU7JK23I7ITLTVTX7NI,374TNBHA8D83Z8Q7V65POKVKA82QYW,A1IQV3QUWRA8G1,33,Female,bachelors,employed_biz,No,white,democrat,10007,127.0,2,4,5,4,4,2,2,1,3,4,1,1,4,3,2,1,4,Alternet Page - bp.png,Alternet Page - Liberal Quiz.png,Book - Impeach.png,Book - Fasion.png,Breitbart Page - Wallet.png,Breitbart Page - Liberal Quiz.PNG,Daily Kos Page - Fasion.png,Daily Kos Page - Polar Bear.png,Food - Polar Bear.png,Food - Wallet.png,NewsMax Page - Fasion.png,NewsMax Page - NRA.png,NYT Page - Liberal Quiz.png,NYT Page - bp.png,NYT Page2 - NRA.png,NYT Page2 - bp.png
43,3SCKNODZ0YTXU7JK23I7ITLTVTX7NI,3A7Y0R2P2Q1XDGWKVKZE85CPU7GJXS,A37DGETOQU91UT,26,Female,grad,employed_teacher,No,white,lean-democrat,30263,109.0,3,1,4,2,1,1,4,1,5,1,1,1,4,1,1,1,1,Alternet Page - bp.png,Alternet Page - Liberal Quiz.png,Book - Impeach.png,Book - Fasion.png,Breitbart Page - Wallet.png,Breitbart Page - Liberal Quiz.PNG,Daily Kos Page - Fasion.png,Daily Kos Page - Polar Bear.png,Food - Polar Bear.png,Food - Wallet.png,NewsMax Page - Fasion.png,NewsMax Page - NRA.png,NYT Page - Liberal Quiz.png,NYT Page - bp.png,NYT Page2 - NRA.png,NYT Page2 - bp.png
43,3SCKNODZ0YTXU7JK23I7ITLTVTX7NI,3JMSRU9HQK7XYB5XH4N5N42C9OCEVZ,A173A97OFDAX9F,34,Female,some_college,employed_other,No,white,democrat,02140,220.0,3,4,5,5,2,2,5,2,5,3,2,2,5,3,2,2,4,Alternet Page - bp.png,Alternet Page - Liberal Quiz.png,Book - Impeach.png,Book - Fasion.png,Breitbart Page - Wallet.png,Breitbart Page - Liberal Quiz.PNG,Daily Kos Page - Fasion.png,Daily Kos Page - Polar Bear.png,Food - Polar Bear.png,Food - Wallet.png,NewsMax Page - Fasion.png,NewsMax Page - NRA.png,NYT Page - Liberal Quiz.png,NYT Page - bp.png,NYT Page2 - NRA.png,NYT Page2 - bp.png
43,3SCKNODZ0YTXU7JK23I7ITLTVTX7NI,382M9COHEJSXLWGXCED0RI0TVH3EUA,A2RWEFC2QL0GCK,53,Male,bachelors,employed_stem,No,asian,lean-democrat,61820,352.0,3,1,4,1,1,2,4,1,5,1,1,1,2,3,1,1,1,Alternet Page - bp.png,Alternet Page - Liberal Quiz.png,Book - Impeach.png,Book - Fasion.png,Breitbart Page - Wallet.png,Breitbart Page - Liberal Quiz.PNG,Daily Kos Page - Fasion.png,Daily Kos Page - Polar Bear.png,Food - Polar Bear.png,Food - Wallet.png,NewsMax Page - Fasion.png,NewsMax Page - NRA.png,NYT Page - Liberal Quiz.png,NYT Page - bp.png,NYT Page2 - NRA.png,NYT Page2 - bp.png
43,3SCKNODZ0YTXU7JK23I7ITLTVTX7NI,358010RM5G664BWEC9DXBTNJPUNXVR,A11Q0SPI53J9DC,35,Male,some_college,employed_other,Yes,other,democrat,78207,260.0,2,1,5,5,1,2,1,1,5,1,2,1,4,3,4,1,4,Alternet Page - bp.png,Alternet Page - Liberal Quiz.png,Book - Impeach.png,Book - Fasion.png,Breitbart Page - Wallet.png,Breitbart Page - Liberal Quiz.PNG,Daily Kos Page - Fasion.png,Daily Kos Page - Polar Bear.png,Food - Polar Bear.png,Food - Wallet.png,NewsMax Page - Fasion.png,NewsMax Page - NRA.png,NYT Page - Liberal Quiz.png,NYT Page - bp.png,NYT Page2 - NRA.png,NYT Page2 - bp.png
43,3SCKNODZ0YTXU7JK23I7ITLTVTX7NI,3URFVVM167VVWR7T81RDCS1BJNCZU1,A2GK11SPBF73C6,34,Female,some_college,employed_biz,No,african-american,lean-democrat,85326,1056.0,3,1,4,2,1,1,2,1,5,1,1,2,1,3,1,1,1,Alternet Page - bp.png,Alternet Page - Liberal Quiz.png,Book - Impeach.png,Book - Fasion.png,Breitbart Page - Wallet.png,Breitbart Page - Liberal Quiz.PNG,Daily Kos Page - Fasion.png,Daily Kos Page - Polar Bear.png,Food - Polar Bear.png,Food - Wallet.png,NewsMax Page - Fasion.png,NewsMax Page - NRA.png,NYT Page - Liberal Quiz.png,NYT Page - bp.png,NYT Page2 - NRA.png,NYT Page2 - bp.png
43,3SCKNODZ0YTXU7JK23I7ITLTVTX7NI,3HUTX6F6VW0ADBKKN86QQBZFGSPO25,A2JSIDRTDGDC7T,66,Female,bachelors,employed_stem,Yes,native,democrat,24538,3743.0,4,2,2,2,2,5,2,2,5,5,2,5,5,2,2,2,2,Alternet Page - bp.png,Alternet Page - Liberal Quiz.png,Book - Impeach.png,Book - Fasion.png,Breitbart Page - Wallet.png,Breitbart Page - Liberal Quiz.PNG,Daily Kos Page - Fasion.png,Daily Kos Page - Polar Bear.png,Food - Polar Bear.png,Food - Wallet.png,NewsMax Page - Fasion.png,NewsMax Page - NRA.png,NYT Page - Liberal Quiz.png,NYT Page - bp.png,NYT Page2 - NRA.png,NYT Page2 - bp.png
43,3SCKNODZ0YTXU7JK23I7ITLTVTX7NI,3X08E93BHXV866XHAEWZZOU0BX166J,A1Q0QFRU01HE2Q,30,Male,bachelors,employed_other,Yes,white,democrat,99039,4101.0,4,2,5,2,2,3,5,2,5,4,2,5,5,3,3,5,3,Alternet Page - bp.png,Alternet Page - Liberal Quiz.png,Book - Impeach.png,Book - Fasion.png,Breitbart Page - Wallet.png,Breitbart Page - Liberal Quiz.PNG,Daily Kos Page - Fasion.png,Daily Kos Page - Polar Bear.png,Food - Polar Bear.png,Food - Wallet.png,NewsMax Page - Fasion.png,NewsMax Page - NRA.png,NYT Page - Liberal Quiz.png,NYT Page - bp.png,NYT Page2 - NRA.png,NYT Page2 - bp.png
44,3TFJJUELSI27H2PN71SY6RA9L9X2CF,3ND9UOO81MFOJ6FUO0F5M1BAPUFLW3,A3AG3WP77JFG1T,19,Female,some_college,employed_biz,Yes,white,independent,06117,190.0,3,1,4,4,1,2,3,4,4,2,4,3,4,2,2,1,2,Alternet Page - Fasion.png,Alternet Page - Liberal Quiz.png,Book - NRA.png,Book - Fasion.png,Breitbart Page - Adias.PNG,Breitbart Page - Wildlife.png,Daily Kos Page - bp.png,Daily Kos Page - NRA.png,Food - Polar Bear.png,Food - Wallet.png,NewsMax Page - bp.png,NewsMax Page - NRA.png,NYT Page - Liberal Quiz.png,NYT Page - bp.png,NYT Page2 - Liberal Quiz.png,NYT Page2 - Wallet.png
44,3TFJJUELSI27H2PN71SY6RA9L9X2CF,3M0NZ3JDP3BEBCHE70J54G9VK6JZ5J,A1UZYIOG9SSQ1P,48,Male,grad,employed_biz,No,white,democrat,02468,175.0,3,1,4,2,1,2,4,2,2,1,2,1,1,3,1,1,1,Alternet Page - Fasion.png,Alternet Page - Liberal Quiz.png,Book - NRA.png,Book - Fasion.png,Breitbart Page - Adias.PNG,Breitbart Page - Wildlife.png,Daily Kos Page - bp.png,Daily Kos Page - NRA.png,Food - Polar Bear.png,Food - Wallet.png,NewsMax Page - bp.png,NewsMax Page - NRA.png,NYT Page - Liberal Quiz.png,NYT Page - bp.png,NYT Page2 - Liberal Quiz.png,NYT Page2 - Wallet.png
44,3TFJJUELSI27H2PN71SY6RA9L9X2CF,3Z7VU45IP0UFNUGV6DHT1QWE8QF1Z4,A1C8FN01981A69,38,Male,grad,employed_other,No,white,lean-democrat,65806,180.0,2,2,5,4,1,1,3,1,1,4,4,4,5,5,4,2,4,Alternet Page - Fasion.png,Alternet Page - Liberal Quiz.png,Book - NRA.png,Book - Fasion.png,Breitbart Page - Adias.PNG,Breitbart Page - Wildlife.png,Daily Kos Page - bp.png,Daily Kos Page - NRA.png,Food - Polar Bear.png,Food - Wallet.png,NewsMax Page - bp.png,NewsMax Page - NRA.png,NYT Page - Liberal Quiz.png,NYT Page - bp.png,NYT Page2 - Liberal Quiz.png,NYT Page2 - Wallet.png
44,3TFJJUELSI27H2PN71SY6RA9L9X2CF,3K3R2QNK8DGGQ0PG43XEZ4ZI4KO9UW,A3C5EDRV80P0CO,27,Male,bachelors,employed_stem,Yes,white,democrat,67745,216.0,4,3,3,4,2,4,3,4,4,3,4,3,4,4,4,3,4,Alternet Page - Fasion.png,Alternet Page - Liberal Quiz.png,Book - NRA.png,Book - Fasion.png,Breitbart Page - Adias.PNG,Breitbart Page - Wildlife.png,Daily Kos Page - bp.png,Daily Kos Page - NRA.png,Food - Polar Bear.png,Food - Wallet.png,NewsMax Page - bp.png,NewsMax Page - NRA.png,NYT Page - Liberal Quiz.png,NYT Page - bp.png,NYT Page2 - Liberal Quiz.png,NYT Page2 - Wallet.png
44,3TFJJUELSI27H2PN71SY6RA9L9X2CF,3K2755HG5UG3A857LU7HZ0H5LIODFI,A3AJCQOA605IJI,20,Female,some_college,student,No,white,democrat,80210,217.0,2,5,3,1,1,2,4,4,3,2,2,2,1,4,1,1,2,Alternet Page - Fasion.png,Alternet Page - Liberal Quiz.png,Book - NRA.png,Book - Fasion.png,Breitbart Page - Adias.PNG,Breitbart Page - Wildlife.png,Daily Kos Page - bp.png,Daily Kos Page - NRA.png,Food - Polar Bear.png,Food - Wallet.png,NewsMax Page - bp.png,NewsMax Page - NRA.png,NYT Page - Liberal Quiz.png,NYT Page - bp.png,NYT Page2 - Liberal Quiz.png,NYT Page2 - Wallet.png
44,3TFJJUELSI27H2PN71SY6RA9L9X2CF,3QAVNHZ3EOHRCTCRNVJD4CEJXBDALI,AJ86CAZX0QCE9,42,Female,grad,employed_other,No,african-american,democrat,92345,395.0,2,1,4,2,1,1,1,3,1,1,1,1,1,3,1,1,1,Alternet Page - Fasion.png,Alternet Page - Liberal Quiz.png,Book - NRA.png,Book - Fasion.png,Breitbart Page - Adias.PNG,Breitbart Page - Wildlife.png,Daily Kos Page - bp.png,Daily Kos Page - NRA.png,Food - Polar Bear.png,Food - Wallet.png,NewsMax Page - bp.png,NewsMax Page - NRA.png,NYT Page - Liberal Quiz.png,NYT Page - bp.png,NYT Page2 - Liberal Quiz.png,NYT Page2 - Wallet.png
44,3TFJJUELSI27H2PN71SY6RA9L9X2CF,3TDXMTX3CD7OZQSICF5OWRK5KOS6I9,A2JSIDRTDGDC7T,66,Female,bachelors,employed_stem,Yes,native,democrat,24538,3359.0,4,2,2,2,2,2,5,2,2,5,5,5,5,2,2,2,5,Alternet Page - Fasion.png,Alternet Page - Liberal Quiz.png,Book - NRA.png,Book - Fasion.png,Breitbart Page - Adias.PNG,Breitbart Page - Wildlife.png,Daily Kos Page - bp.png,Daily Kos Page - NRA.png,Food - Polar Bear.png,Food - Wallet.png,NewsMax Page - bp.png,NewsMax Page - NRA.png,NYT Page - Liberal Quiz.png,NYT Page - bp.png,NYT Page2 - Liberal Quiz.png,NYT Page2 - Wallet.png
44,3TFJJUELSI27H2PN71SY6RA9L9X2CF,3MYYFCXHJ5KWOCI933C6EHNB9KVG47,A1NBBX3EQMXSSG,28,Male,bachelors,employed_stem,Yes,white,democrat,33067,1586.0,5,4,5,3,4,3,4,2,3,4,3,4,5,4,3,4,3,Alternet Page - Fasion.png,Alternet Page - Liberal Quiz.png,Book - NRA.png,Book - Fasion.png,Breitbart Page - Adias.PNG,Breitbart Page - Wildlife.png,Daily Kos Page - bp.png,Daily Kos Page - NRA.png,Food - Polar Bear.png,Food - Wallet.png,NewsMax Page - bp.png,NewsMax Page - NRA.png,NYT Page - Liberal Quiz.png,NYT Page - bp.png,NYT Page2 - Liberal Quiz.png,NYT Page2 - Wallet.png
44,3TFJJUELSI27H2PN71SY6RA9L9X2CF,36V4Q8R5ZMD35R1TC3HEUP8D1YYMQC,A10BX5AD14TGMB,22,Male,bachelors,employed_stem,No,white,republican,53151,87.0,5,2,4,2,4,2,4,5,4,5,4,5,4,4,2,5,4,Alternet Page - Fasion.png,Alternet Page - Liberal Quiz.png,Book - NRA.png,Book - Fasion.png,Breitbart Page - Adias.PNG,Breitbart Page - Wildlife.png,Daily Kos Page - bp.png,Daily Kos Page - NRA.png,Food - Polar Bear.png,Food - Wallet.png,NewsMax Page - bp.png,NewsMax Page - NRA.png,NYT Page - Liberal Quiz.png,NYT Page - bp.png,NYT Page2 - Liberal Quiz.png,NYT Page2 - Wallet.png
45,3O71U79SRC2DVNICE51I05SPDHZSMP,3D8YOU6S9GXT8HNI6WU2FU8GEJFU65,A26FC0H9JNICC7,30,Male,bachelors,employed_biz,No,white,republican,27703,92.0,3,3,3,2,2,3,3,2,3,4,4,3,2,2,3,4,3,Alternet Page - Wallet.png,Alternet Page - Polar Bear.png,Book - Polar Bear.png,Book - Wallet.png,Breitbart Page - Wallet.png,Breitbart Page - Liberal Quiz.PNG,Daily Kos Page - bp.png,Daily Kos Page - Impeach.png,Food - Liberal Quiz.png,Food - Fasion.png,NewsMax Page - Fasion.png,NewsMax Page - Impeach.png,NYT Page - Liberal Quiz.png,NYT Page - Adidas.png,NYT Page2 - NRA.png,NYT Page2 - Fasion.png
45,3O71U79SRC2DVNICE51I05SPDHZSMP,3SB4CE2TJX8MCNTG1EM1F6964KMXAQ,A3C4RC18L9F0J5,35,Male,bachelors,employed_biz,No,asian,democrat,96816,820.0,1,1,1,1,1,1,3,2,4,1,3,2,5,3,5,1,1,Alternet Page - Wallet.png,Alternet Page - Polar Bear.png,Book - Polar Bear.png,Book - Wallet.png,Breitbart Page - Wallet.png,Breitbart Page - Liberal Quiz.PNG,Daily Kos Page - bp.png,Daily Kos Page - Impeach.png,Food - Liberal Quiz.png,Food - Fasion.png,NewsMax Page - Fasion.png,NewsMax Page - Impeach.png,NYT Page - Liberal Quiz.png,NYT Page - Adidas.png,NYT Page2 - NRA.png,NYT Page2 - Fasion.png
45,3O71U79SRC2DVNICE51I05SPDHZSMP,33L7PJKHCIB1CIRHZ61QUCI510Y8TE,A2JSIDRTDGDC7T,66,Female,bachelors,employed_stem,Yes,native,democrat,24538,3280.0,4,5,5,5,5,5,2,2,2,2,2,5,5,2,2,2,2,Alternet Page - Wallet.png,Alternet Page - Polar Bear.png,Book - Polar Bear.png,Book - Wallet.png,Breitbart Page - Wallet.png,Breitbart Page - Liberal Quiz.PNG,Daily Kos Page - bp.png,Daily Kos Page - Impeach.png,Food - Liberal Quiz.png,Food - Fasion.png,NewsMax Page - Fasion.png,NewsMax Page - Impeach.png,NYT Page - Liberal Quiz.png,NYT Page - Adidas.png,NYT Page2 - NRA.png,NYT Page2 - Fasion.png
45,3O71U79SRC2DVNICE51I05SPDHZSMP,3PJ71Z61R6F0H3YI2FNUO2ULTNR19P,A3AYGJSD10BKXE,48,Female,associates,employed_stem,No,white,republican,77074,2331.0,3,1,1,1,1,2,5,4,4,1,1,1,5,3,5,1,1,Alternet Page - Wallet.png,Alternet Page - Polar Bear.png,Book - Polar Bear.png,Book - Wallet.png,Breitbart Page - Wallet.png,Breitbart Page - Liberal Quiz.PNG,Daily Kos Page - bp.png,Daily Kos Page - Impeach.png,Food - Liberal Quiz.png,Food - Fasion.png,NewsMax Page - Fasion.png,NewsMax Page - Impeach.png,NYT Page - Liberal Quiz.png,NYT Page - Adidas.png,NYT Page2 - NRA.png,NYT Page2 - Fasion.png
45,3O71U79SRC2DVNICE51I05SPDHZSMP,3SB4CE2TJX8MCNTG1EM1F6964KNAX4,AFO9MCOXXSYY7,42,Female,bachelors,decline,No,asian,republican,95828,5385.0,5,1,1,4,1,1,5,5,1,1,1,4,5,1,5,5,1,Alternet Page - Wallet.png,Alternet Page - Polar Bear.png,Book - Polar Bear.png,Book - Wallet.png,Breitbart Page - Wallet.png,Breitbart Page - Liberal Quiz.PNG,Daily Kos Page - bp.png,Daily Kos Page - Impeach.png,Food - Liberal Quiz.png,Food - Fasion.png,NewsMax Page - Fasion.png,NewsMax Page - Impeach.png,NYT Page - Liberal Quiz.png,NYT Page - Adidas.png,NYT Page2 - NRA.png,NYT Page2 - Fasion.png
45,3O71U79SRC2DVNICE51I05SPDHZSMP,386PBUZZXHA2DMFVH1WQXBH2NYHLJJ,AR9D5722RS6OC,30,Male,bachelors,employed_other,No,native,democrat,95826,174.0,4,4,4,3,4,4,2,3,4,4,3,4,4,3,4,4,3,Alternet Page - Wallet.png,Alternet Page - Polar Bear.png,Book - Polar Bear.png,Book - Wallet.png,Breitbart Page - Wallet.png,Breitbart Page - Liberal Quiz.PNG,Daily Kos Page - bp.png,Daily Kos Page - Impeach.png,Food - Liberal Quiz.png,Food - Fasion.png,NewsMax Page - Fasion.png,NewsMax Page - Impeach.png,NYT Page - Liberal Quiz.png,NYT Page - Adidas.png,NYT Page2 - NRA.png,NYT Page2 - Fasion.png
45,3O71U79SRC2DVNICE51I05SPDHZSMP,35USIKEBNTTGDR399VIG1ZGM6NXN6H,A354C5H4B2KQDK,34,Male,some_college,employed_other,No,white,republican,98204,243.0,2,1,2,2,2,2,1,2,4,1,2,1,4,3,4,1,1,Alternet Page - Wallet.png,Alternet Page - Polar Bear.png,Book - Polar Bear.png,Book - Wallet.png,Breitbart Page - Wallet.png,Breitbart Page - Liberal Quiz.PNG,Daily Kos Page - bp.png,Daily Kos Page - Impeach.png,Food - Liberal Quiz.png,Food - Fasion.png,NewsMax Page - Fasion.png,NewsMax Page - Impeach.png,NYT Page - Liberal Quiz.png,NYT Page - Adidas.png,NYT Page2 - NRA.png,NYT Page2 - Fasion.png
45,3O71U79SRC2DVNICE51I05SPDHZSMP,3X73LLYYQ3RWAGNQ5E9KYQ5CF1GNHL,A225Z9CLP61ZJN,60,Male,bachelors,employed_stem,No,white,independent,92124,446.0,3,2,4,1,2,2,4,3,4,1,1,2,5,3,3,1,2,Alternet Page - Wallet.png,Alternet Page - Polar Bear.png,Book - Polar Bear.png,Book - Wallet.png,Breitbart Page - Wallet.png,Breitbart Page - Liberal Quiz.PNG,Daily Kos Page - bp.png,Daily Kos Page - Impeach.png,Food - Liberal Quiz.png,Food - Fasion.png,NewsMax Page - Fasion.png,NewsMax Page - Impeach.png,NYT Page - Liberal Quiz.png,NYT Page - Adidas.png,NYT Page2 - NRA.png,NYT Page2 - Fasion.png
45,3O71U79SRC2DVNICE51I05SPDHZSMP,3DUZQ9U6SO1Y8UAFIZ7ACL6RAF0SVT,A1Q8BVDD8I2NBO,20,Male,associates,student,No,african-american,independent,62951,87.0,1,1,1,1,1,1,4,4,1,1,1,1,5,1,4,1,1,Alternet Page - Wallet.png,Alternet Page - Polar Bear.png,Book - Polar Bear.png,Book - Wallet.png,Breitbart Page - Wallet.png,Breitbart Page - Liberal Quiz.PNG,Daily Kos Page - bp.png,Daily Kos Page - Impeach.png,Food - Liberal Quiz.png,Food - Fasion.png,NewsMax Page - Fasion.png,NewsMax Page - Impeach.png,NYT Page - Liberal Quiz.png,NYT Page - Adidas.png,NYT Page2 - NRA.png,NYT Page2 - Fasion.png
46,3X4Q1O9UBIZFCSJW3IIKXILYL327OX,3MYYFCXHJ5KWOCI933C6EHNB9KUG46,A3JQ6UU1DQCDKL,62,Female,some_college,unemployed,No,white,democrat,84074,184.0,4,1,1,5,3,4,1,5,1,1,3,1,5,3,4,1,3,Alternet Page - Wallet.png,Alternet Page - Polar Bear.png,Book - Liberal Quiz.png,Book - bp.png,Breitbart Page - bp.png,Breitbart Page - Wildlife.png,Daily Kos Page - Adidas.png,Daily Kos Page - NRA.png,Food - Liberal Quiz.png,Food - bp.png,NewsMax Page - Fasion.png,NewsMax Page - Liberal Quiz.png,NYT Page - Liberal Quiz.png,NYT Page - Wallet.png,NYT Page2 - Impeach.png,NYT Page2 - bp.png
46,3X4Q1O9UBIZFCSJW3IIKXILYL327OX,3KV0LJBBH4Y3HSGTPI6EZFIIXKQRM8,A297YMDXDC2UPM,50,Male,bachelors,employed_stem,No,white,independent,95403,177.0,1,4,4,2,3,2,3,3,2,2,2,2,2,1,2,2,2,Alternet Page - Wallet.png,Alternet Page - Polar Bear.png,Book - Liberal Quiz.png,Book - bp.png,Breitbart Page - bp.png,Breitbart Page - Wildlife.png,Daily Kos Page - Adidas.png,Daily Kos Page - NRA.png,Food - Liberal Quiz.png,Food - bp.png,NewsMax Page - Fasion.png,NewsMax Page - Liberal Quiz.png,NYT Page - Liberal Quiz.png,NYT Page - Wallet.png,NYT Page2 - Impeach.png,NYT Page2 - bp.png
46,3X4Q1O9UBIZFCSJW3IIKXILYL327OX,35GCEFQ6I71BXXUATHVCPJBB6ASZ3T,A1ZE52NWZPN85P,33,Male,grad,employed_stem,No,white,lean-democrat,56001,114.0,1,2,1,4,1,1,1,4,1,1,1,1,4,3,1,1,1,Alternet Page - Wallet.png,Alternet Page - Polar Bear.png,Book - Liberal Quiz.png,Book - bp.png,Breitbart Page - bp.png,Breitbart Page - Wildlife.png,Daily Kos Page - Adidas.png,Daily Kos Page - NRA.png,Food - Liberal Quiz.png,Food - bp.png,NewsMax Page - Fasion.png,NewsMax Page - Liberal Quiz.png,NYT Page - Liberal Quiz.png,NYT Page - Wallet.png,NYT Page2 - Impeach.png,NYT Page2 - bp.png
46,3X4Q1O9UBIZFCSJW3IIKXILYL327OX,3QIYRE09Y5UL652C3P6Z63P5YC71NN,A1OSESE6RG3NFB,27,Female,some_college,employed_biz,No,white,democrat,92407,170.0,4,1,2,4,1,1,1,1,1,1,1,1,4,3,2,1,1,Alternet Page - Wallet.png,Alternet Page - Polar Bear.png,Book - Liberal Quiz.png,Book - bp.png,Breitbart Page - bp.png,Breitbart Page - Wildlife.png,Daily Kos Page - Adidas.png,Daily Kos Page - NRA.png,Food - Liberal Quiz.png,Food - bp.png,NewsMax Page - Fasion.png,NewsMax Page - Liberal Quiz.png,NYT Page - Liberal Quiz.png,NYT Page - Wallet.png,NYT Page2 - Impeach.png,NYT Page2 - bp.png
46,3X4Q1O9UBIZFCSJW3IIKXILYL327OX,3AAPLD8UCEUU5TSA2AVW7PB44JOTHE,ADCXF6QY5T046,35,Female,associates,employed_other,No,white,independent,45220,783.0,2,4,1,5,4,3,1,4,1,1,4,2,5,3,4,1,1,Alternet Page - Wallet.png,Alternet Page - Polar Bear.png,Book - Liberal Quiz.png,Book - bp.png,Breitbart Page - bp.png,Breitbart Page - Wildlife.png,Daily Kos Page - Adidas.png,Daily Kos Page - NRA.png,Food - Liberal Quiz.png,Food - bp.png,NewsMax Page - Fasion.png,NewsMax Page - Liberal Quiz.png,NYT Page - Liberal Quiz.png,NYT Page - Wallet.png,NYT Page2 - Impeach.png,NYT Page2 - bp.png
46,3X4Q1O9UBIZFCSJW3IIKXILYL327OX,3SBEHTYCWPGQIA2OIY0GFI4YJYMIYM,AS9MBNGNQF9YE,35,Female,grad,employed_stem,Yes,african-american,lean-democrat,98275,581.0,4,4,4,4,4,4,4,4,4,3,4,3,4,4,4,4,4,Alternet Page - Wallet.png,Alternet Page - Polar Bear.png,Book - Liberal Quiz.png,Book - bp.png,Breitbart Page - bp.png,Breitbart Page - Wildlife.png,Daily Kos Page - Adidas.png,Daily Kos Page - NRA.png,Food - Liberal Quiz.png,Food - bp.png,NewsMax Page - Fasion.png,NewsMax Page - Liberal Quiz.png,NYT Page - Liberal Quiz.png,NYT Page - Wallet.png,NYT Page2 - Impeach.png,NYT Page2 - bp.png
46,3X4Q1O9UBIZFCSJW3IIKXILYL327OX,3GDTJDAPVWOXZN1XQ90E8YND7S28MD,A2JSIDRTDGDC7T,66,Female,bachelors,employed_stem,Yes,native,democrat,24538,2643.0,4,5,5,2,2,2,5,2,2,2,2,5,5,2,5,2,2,Alternet Page - Wallet.png,Alternet Page - Polar Bear.png,Book - Liberal Quiz.png,Book - bp.png,Breitbart Page - bp.png,Breitbart Page - Wildlife.png,Daily Kos Page - Adidas.png,Daily Kos Page - NRA.png,Food - Liberal Quiz.png,Food - bp.png,NewsMax Page - Fasion.png,NewsMax Page - Liberal Quiz.png,NYT Page - Liberal Quiz.png,NYT Page - Wallet.png,NYT Page2 - Impeach.png,NYT Page2 - bp.png
46,3X4Q1O9UBIZFCSJW3IIKXILYL327OX,3AZHRG4CU6XEVCOKPNIKJK8PO3E037,AKCUBNWHZ22E1,28,Male,bachelors,employed_stem,Yes,white,republican,93619,1166.0,5,2,3,4,4,4,3,4,4,3,2,4,3,4,3,4,3,Alternet Page - Wallet.png,Alternet Page - Polar Bear.png,Book - Liberal Quiz.png,Book - bp.png,Breitbart Page - bp.png,Breitbart Page - Wildlife.png,Daily Kos Page - Adidas.png,Daily Kos Page - NRA.png,Food - Liberal Quiz.png,Food - bp.png,NewsMax Page - Fasion.png,NewsMax Page - Liberal Quiz.png,NYT Page - Liberal Quiz.png,NYT Page - Wallet.png,NYT Page2 - Impeach.png,NYT Page2 - bp.png
46,3X4Q1O9UBIZFCSJW3IIKXILYL327OX,3R2PKQ87NYLQOTDAZVC5LNHRAOGIM4,A39D25R6PBMISX,42,Male,bachelors,employed_stem,No,white,republican,75026,394.0,4,2,2,3,2,4,2,2,2,2,2,5,4,4,4,5,4,Alternet Page - Wallet.png,Alternet Page - Polar Bear.png,Book - Liberal Quiz.png,Book - bp.png,Breitbart Page - bp.png,Breitbart Page - Wildlife.png,Daily Kos Page - Adidas.png,Daily Kos Page - NRA.png,Food - Liberal Quiz.png,Food - bp.png,NewsMax Page - Fasion.png,NewsMax Page - Liberal Quiz.png,NYT Page - Liberal Quiz.png,NYT Page - Wallet.png,NYT Page2 - Impeach.png,NYT Page2 - bp.png
47,3MJ9GGZYO4JJONSPNNW70WKLL6CA2L,3VA45EW49P03OQ2O446CLSPAOMBO1O,A2CAMPAA7650H2,35,Female,bachelors,employed_stem,No,decline,independent,19104,484.0,2,1,4,2,1,1,5,4,3,2,1,2,3,1,1,1,1,Alternet Page - Fasion.png,Alternet Page - Liberal Quiz.png,Book - Impeach.png,Book - Fasion.png,Breitbart Page - Adias.PNG,Breitbart Page - Liberal Quiz.PNG,Daily Kos Page - Adidas.png,Daily Kos Page - Liberal Quiz.png,Food - Liberal Quiz.png,Food - Adidas.png,NewsMax Page - bp.png,NewsMax Page - Impeach.png,NYT Page - Polar Bear.png,NYT Page - Wallet.png,NYT Page2 - Liberal Quiz.png,NYT Page2 - bp.png
47,3MJ9GGZYO4JJONSPNNW70WKLL6CA2L,38YMOXR4MWC60LCN1W93XITDZZR6WH,A21XSR8BER3AUQ,32,Female,bachelors,employed_teacher,No,white,republican,04539,85.0,4,2,4,3,4,2,3,2,3,4,5,4,3,3,3,3,4,Alternet Page - Fasion.png,Alternet Page - Liberal Quiz.png,Book - Impeach.png,Book - Fasion.png,Breitbart Page - Adias.PNG,Breitbart Page - Liberal Quiz.PNG,Daily Kos Page - Adidas.png,Daily Kos Page - Liberal Quiz.png,Food - Liberal Quiz.png,Food - Adidas.png,NewsMax Page - bp.png,NewsMax Page - Impeach.png,NYT Page - Polar Bear.png,NYT Page - Wallet.png,NYT Page2 - Liberal Quiz.png,NYT Page2 - bp.png
47,3MJ9GGZYO4JJONSPNNW70WKLL6CA2L,32EYX73OY2MMU0L2YKX0QPZCA6TUR3,A3JFC6OJ13O1XR,30,Female,some_college,employed_biz,No,white,democrat,91101,132.0,2,1,4,2,1,1,4,1,4,1,1,1,3,1,3,1,1,Alternet Page - Fasion.png,Alternet Page - Liberal Quiz.png,Book - Impeach.png,Book - Fasion.png,Breitbart Page - Adias.PNG,Breitbart Page - Liberal Quiz.PNG,Daily Kos Page - Adidas.png,Daily Kos Page - Liberal Quiz.png,Food - Liberal Quiz.png,Food - Adidas.png,NewsMax Page - bp.png,NewsMax Page - Impeach.png,NYT Page - Polar Bear.png,NYT Page - Wallet.png,NYT Page2 - Liberal Quiz.png,NYT Page2 - bp.png
47,3MJ9GGZYO4JJONSPNNW70WKLL6CA2L,3COPXFW7XDPNFR0BREP9F7QZ7X7PK9,A1BB6H5STZAMMO,52,Male,bachelors,employed_biz,Yes,white,democrat,48348,374.0,2,4,4,1,2,4,5,4,5,5,4,4,1,5,3,5,4,Alternet Page - Fasion.png,Alternet Page - Liberal Quiz.png,Book - Impeach.png,Book - Fasion.png,Breitbart Page - Adias.PNG,Breitbart Page - Liberal Quiz.PNG,Daily Kos Page - Adidas.png,Daily Kos Page - Liberal Quiz.png,Food - Liberal Quiz.png,Food - Adidas.png,NewsMax Page - bp.png,NewsMax Page - Impeach.png,NYT Page - Polar Bear.png,NYT Page - Wallet.png,NYT Page2 - Liberal Quiz.png,NYT Page2 - bp.png
47,3MJ9GGZYO4JJONSPNNW70WKLL6CA2L,3GNCZX450K0H3ERPFNCKLTN32LEAPG,A1QN367DQVHADM,19,Male,highschool,student,Yes,white,republican,33193,172.0,2,2,3,4,2,2,3,4,4,5,2,4,4,4,5,5,1,Alternet Page - Fasion.png,Alternet Page - Liberal Quiz.png,Book - Impeach.png,Book - Fasion.png,Breitbart Page - Adias.PNG,Breitbart Page - Liberal Quiz.PNG,Daily Kos Page - Adidas.png,Daily Kos Page - Liberal Quiz.png,Food - Liberal Quiz.png,Food - Adidas.png,NewsMax Page - bp.png,NewsMax Page - Impeach.png,NYT Page - Polar Bear.png,NYT Page - Wallet.png,NYT Page2 - Liberal Quiz.png,NYT Page2 - bp.png
47,3MJ9GGZYO4JJONSPNNW70WKLL6CA2L,33C7UALJVNB03YF8XNHGO6ZA9H818Z,A2TKGUJXGAL13U,28,Male,bachelors,employed_biz,No,white,lean-republican,70065,665.0,3,1,3,4,1,2,4,2,3,1,2,3,4,2,4,2,1,Alternet Page - Fasion.png,Alternet Page - Liberal Quiz.png,Book - Impeach.png,Book - Fasion.png,Breitbart Page - Adias.PNG,Breitbart Page - Liberal Quiz.PNG,Daily Kos Page - Adidas.png,Daily Kos Page - Liberal Quiz.png,Food - Liberal Quiz.png,Food - Adidas.png,NewsMax Page - bp.png,NewsMax Page - Impeach.png,NYT Page - Polar Bear.png,NYT Page - Wallet.png,NYT Page2 - Liberal Quiz.png,NYT Page2 - bp.png
47,3MJ9GGZYO4JJONSPNNW70WKLL6CA2L,358UUM7WR1GKWP96LC4PGXLS2VW7RE,A3ALU3V74HQ0P2,36,Male,associates,employed_stem,No,white,lean-republican,63031,508.0,1,1,4,1,1,1,4,2,4,1,1,1,4,1,3,1,1,Alternet Page - Fasion.png,Alternet Page - Liberal Quiz.png,Book - Impeach.png,Book - Fasion.png,Breitbart Page - Adias.PNG,Breitbart Page - Liberal Quiz.PNG,Daily Kos Page - Adidas.png,Daily Kos Page - Liberal Quiz.png,Food - Liberal Quiz.png,Food - Adidas.png,NewsMax Page - bp.png,NewsMax Page - Impeach.png,NYT Page - Polar Bear.png,NYT Page - Wallet.png,NYT Page2 - Liberal Quiz.png,NYT Page2 - bp.png
47,3MJ9GGZYO4JJONSPNNW70WKLL6CA2L,3DL65MZB8FS1Z2ZXQNS0XCENOHWEC0,APZPQ332QVEUY,43,Male,bachelors,employed_biz,No,white,lean-republican,92882,1873.0,1,1,5,4,1,2,5,3,4,1,2,1,5,1,4,1,2,Alternet Page - Fasion.png,Alternet Page - Liberal Quiz.png,Book - Impeach.png,Book - Fasion.png,Breitbart Page - Adias.PNG,Breitbart Page - Liberal Quiz.PNG,Daily Kos Page - Adidas.png,Daily Kos Page - Liberal Quiz.png,Food - Liberal Quiz.png,Food - Adidas.png,NewsMax Page - bp.png,NewsMax Page - Impeach.png,NYT Page - Polar Bear.png,NYT Page - Wallet.png,NYT Page2 - Liberal Quiz.png,NYT Page2 - bp.png
47,3MJ9GGZYO4JJONSPNNW70WKLL6CA2L,3R6BYFZZP9PH8EAOCU8TT7KX10ZFXL,A2JSIDRTDGDC7T,66,Female,bachelors,employed_stem,Yes,native,democrat,24538,3413.0,4,2,2,2,2,2,2,2,2,2,2,5,5,5,5,2,2,Alternet Page - Fasion.png,Alternet Page - Liberal Quiz.png,Book - Impeach.png,Book - Fasion.png,Breitbart Page - Adias.PNG,Breitbart Page - Liberal Quiz.PNG,Daily Kos Page - Adidas.png,Daily Kos Page - Liberal Quiz.png,Food - Liberal Quiz.png,Food - Adidas.png,NewsMax Page - bp.png,NewsMax Page - Impeach.png,NYT Page - Polar Bear.png,NYT Page - Wallet.png,NYT Page2 - Liberal Quiz.png,NYT Page2 - bp.png
48,3EAWOID6MUAWK1S9JVJPDV5J9ISV0M,31IBVUNM9UCP4P5TCF7B5MNCLPRFVI,A2WMIDZYE3J9FN,30,Male,bachelors,employed_other,No,white,independent,29412,201.0,3,1,4,2,4,1,5,1,3,1,1,1,5,3,2,1,1,Alternet Page - Wallet.png,Alternet Page - Liberal Quiz.png,Book - Liberal Quiz.png,Book - bp.png,Breitbart Page - Wallet.png,Breitbart Page - NRA.PNG,Daily Kos Page - Wallet.png,Daily Kos Page - Liberal Quiz.png,Food - Impeach.png,Food - Fasion.png,NewsMax Page - Fasion.png,NewsMax Page - Liberal Quiz.png,NYT Page - Liberal Quiz.png,NYT Page - Wallet.png,NYT Page2 - Liberal Quiz.png,NYT Page2 - Fasion.png
48,3EAWOID6MUAWK1S9JVJPDV5J9ISV0M,38JBBYETQQNY4YMIX8MIEE2ZW4FE4N,A27PINUYH0XHRB,42,Female,bachelors,employed_other,No,white,independent,14063,201.0,3,1,2,3,1,1,4,1,2,1,1,1,3,1,1,1,1,Alternet Page - Wallet.png,Alternet Page - Liberal Quiz.png,Book - Liberal Quiz.png,Book - bp.png,Breitbart Page - Wallet.png,Breitbart Page - NRA.PNG,Daily Kos Page - Wallet.png,Daily Kos Page - Liberal Quiz.png,Food - Impeach.png,Food - Fasion.png,NewsMax Page - Fasion.png,NewsMax Page - Liberal Quiz.png,NYT Page - Liberal Quiz.png,NYT Page - Wallet.png,NYT Page2 - Liberal Quiz.png,NYT Page2 - Fasion.png
48,3EAWOID6MUAWK1S9JVJPDV5J9ISV0M,3180JW2OT6POBXCAPEGJGML5186J5I,A1PSGM4OZX6PYT,49,Female,bachelors,employed_other,No,african-american,democrat,90242,339.0,2,1,3,4,3,1,5,1,2,1,1,1,4,3,2,1,1,Alternet Page - Wallet.png,Alternet Page - Liberal Quiz.png,Book - Liberal Quiz.png,Book - bp.png,Breitbart Page - Wallet.png,Breitbart Page - NRA.PNG,Daily Kos Page - Wallet.png,Daily Kos Page - Liberal Quiz.png,Food - Impeach.png,Food - Fasion.png,NewsMax Page - Fasion.png,NewsMax Page - Liberal Quiz.png,NYT Page - Liberal Quiz.png,NYT Page - Wallet.png,NYT Page2 - Liberal Quiz.png,NYT Page2 - Fasion.png
48,3EAWOID6MUAWK1S9JVJPDV5J9ISV0M,3S06PH7KSTHCKTBZEVSWAYDBK851D5,A19AGK07RP4KT4,35,Male,some_college,unemployed,No,other,republican,76550,324.0,3,2,4,5,3,2,5,2,4,1,4,1,4,2,4,1,2,Alternet Page - Wallet.png,Alternet Page - Liberal Quiz.png,Book - Liberal Quiz.png,Book - bp.png,Breitbart Page - Wallet.png,Breitbart Page - NRA.PNG,Daily Kos Page - Wallet.png,Daily Kos Page - Liberal Quiz.png,Food - Impeach.png,Food - Fasion.png,NewsMax Page - Fasion.png,NewsMax Page - Liberal Quiz.png,NYT Page - Liberal Quiz.png,NYT Page - Wallet.png,NYT Page2 - Liberal Quiz.png,NYT Page2 - Fasion.png
48,3EAWOID6MUAWK1S9JVJPDV5J9ISV0M,3DY4FPOOA31M7FA23A75MB1VOD2RVP,A1ZLOGD0268K64,34,Female,grad,employed_other,No,asian,unsure,01801,327.0,4,4,3,4,4,2,3,4,2,3,5,4,5,4,5,2,3,Alternet Page - Wallet.png,Alternet Page - Liberal Quiz.png,Book - Liberal Quiz.png,Book - bp.png,Breitbart Page - Wallet.png,Breitbart Page - NRA.PNG,Daily Kos Page - Wallet.png,Daily Kos Page - Liberal Quiz.png,Food - Impeach.png,Food - Fasion.png,NewsMax Page - Fasion.png,NewsMax Page - Liberal Quiz.png,NYT Page - Liberal Quiz.png,NYT Page - Wallet.png,NYT Page2 - Liberal Quiz.png,NYT Page2 - Fasion.png
48,3EAWOID6MUAWK1S9JVJPDV5J9ISV0M,3EICBYG64699AILP4O3RUSRFTPTCJK,A2JKETV64OU7DY,37,Male,bachelors,employed_other,No,white,democrat,60015,169.0,1,1,2,2,2,3,4,1,3,2,1,1,1,1,1,1,2,Alternet Page - Wallet.png,Alternet Page - Liberal Quiz.png,Book - Liberal Quiz.png,Book - bp.png,Breitbart Page - Wallet.png,Breitbart Page - NRA.PNG,Daily Kos Page - Wallet.png,Daily Kos Page - Liberal Quiz.png,Food - Impeach.png,Food - Fasion.png,NewsMax Page - Fasion.png,NewsMax Page - Liberal Quiz.png,NYT Page - Liberal Quiz.png,NYT Page - Wallet.png,NYT Page2 - Liberal Quiz.png,NYT Page2 - Fasion.png
48,3EAWOID6MUAWK1S9JVJPDV5J9ISV0M,3M23Y66PO4KDT4VEHRZ20TQSTMV6S2,A23YSUGEV0QKI5,24,Female,bachelors,employed_other,Yes,white,democrat,56097,251.0,2,1,4,4,1,1,4,1,4,1,2,2,4,3,4,1,1,Alternet Page - Wallet.png,Alternet Page - Liberal Quiz.png,Book - Liberal Quiz.png,Book - bp.png,Breitbart Page - Wallet.png,Breitbart Page - NRA.PNG,Daily Kos Page - Wallet.png,Daily Kos Page - Liberal Quiz.png,Food - Impeach.png,Food - Fasion.png,NewsMax Page - Fasion.png,NewsMax Page - Liberal Quiz.png,NYT Page - Liberal Quiz.png,NYT Page - Wallet.png,NYT Page2 - Liberal Quiz.png,NYT Page2 - Fasion.png
48,3EAWOID6MUAWK1S9JVJPDV5J9ISV0M,3DUZQ9U6SO1Y8UAFIZ7ACL6RAFLSVE,A2B630TEBVCC7U,44,Female,bachelors,employed_other,No,white,republican,74063,1786.0,3,1,3,2,3,2,3,4,2,2,3,3,4,2,3,3,2,Alternet Page - Wallet.png,Alternet Page - Liberal Quiz.png,Book - Liberal Quiz.png,Book - bp.png,Breitbart Page - Wallet.png,Breitbart Page - NRA.PNG,Daily Kos Page - Wallet.png,Daily Kos Page - Liberal Quiz.png,Food - Impeach.png,Food - Fasion.png,NewsMax Page - Fasion.png,NewsMax Page - Liberal Quiz.png,NYT Page - Liberal Quiz.png,NYT Page - Wallet.png,NYT Page2 - Liberal Quiz.png,NYT Page2 - Fasion.png
48,3EAWOID6MUAWK1S9JVJPDV5J9ISV0M,3ZSANO2JCHK9CXOPIK26UZ35MLXFSD,A2JSIDRTDGDC7T,66,Female,associates,employed_stem,Yes,native,democrat,24538,3472.0,4,5,2,2,2,5,2,5,2,2,2,5,5,2,5,2,2,Alternet Page - Wallet.png,Alternet Page - Liberal Quiz.png,Book - Liberal Quiz.png,Book - bp.png,Breitbart Page - Wallet.png,Breitbart Page - NRA.PNG,Daily Kos Page - Wallet.png,Daily Kos Page - Liberal Quiz.png,Food - Impeach.png,Food - Fasion.png,NewsMax Page - Fasion.png,NewsMax Page - Liberal Quiz.png,NYT Page - Liberal Quiz.png,NYT Page - Wallet.png,NYT Page2 - Liberal Quiz.png,NYT Page2 - Fasion.png
49,3ZICQFRS32VAV639OMLK40L1F0HZZI,308XBLVESKH7Y1CWYTG5LZ7OLLMBR3,A1RKV0XRU1OAGH,33,Male,some_college,student,No,white,lean-republican,88001,205.0,5,4,4,1,1,4,1,1,1,1,1,5,1,4,1,1,1,Alternet Page - Wallet.png,Alternet Page - Polar Bear.png,Book - Liberal Quiz.png,Book - Fasion.png,Breitbart Page - Fasion.png,Breitbart Page - NRA.PNG,Daily Kos Page - Fasion.png,Daily Kos Page - NRA.png,Food - Polar Bear.png,Food - Wallet.png,NewsMax Page - Adidas.png,NewsMax Page - Liberal Quiz.png,NYT Page - NRA.png,NYT Page - Wallet.png,NYT Page2 - NRA.png,NYT Page2 - Wallet.png
49,3ZICQFRS32VAV639OMLK40L1F0HZZI,3RXPCZQMQROFWDLQGLT4GJG8X0KG1T,A1IQUHRI7G63YF,45,Male,bachelors,employed_stem,No,white,independent,97215,261.0,3,2,2,4,1,1,5,1,1,2,1,1,4,1,1,1,1,Alternet Page - Wallet.png,Alternet Page - Polar Bear.png,Book - Liberal Quiz.png,Book - Fasion.png,Breitbart Page - Fasion.png,Breitbart Page - NRA.PNG,Daily Kos Page - Fasion.png,Daily Kos Page - NRA.png,Food - Polar Bear.png,Food - Wallet.png,NewsMax Page - Adidas.png,NewsMax Page - Liberal Quiz.png,NYT Page - NRA.png,NYT Page - Wallet.png,NYT Page2 - NRA.png,NYT Page2 - Wallet.png
49,3ZICQFRS32VAV639OMLK40L1F0HZZI,3PH3VY7DJNA8OVWY316EUGM843NWZX,A30WQVAO6L3RWJ,27,Male,bachelors,employed_stem,No,african-american,democrat,08094,255.0,3,1,4,4,1,1,5,1,1,2,2,1,5,1,1,1,1,Alternet Page - Wallet.png,Alternet Page - Polar Bear.png,Book - Liberal Quiz.png,Book - Fasion.png,Breitbart Page - Fasion.png,Breitbart Page - NRA.PNG,Daily Kos Page - Fasion.png,Daily Kos Page - NRA.png,Food - Polar Bear.png,Food - Wallet.png,NewsMax Page - Adidas.png,NewsMax Page - Liberal Quiz.png,NYT Page - NRA.png,NYT Page - Wallet.png,NYT Page2 - NRA.png,NYT Page2 - Wallet.png
49,3ZICQFRS32VAV639OMLK40L1F0HZZI,3483FV8BEGWKO5EGNCKW9BDOVSW26V,AFWSBV2NPWTCG,31,Male,some_college,unemployed,No,white,democrat,41250,488.0,4,5,1,1,1,3,5,1,1,3,1,5,5,3,3,4,1,Alternet Page - Wallet.png,Alternet Page - Polar Bear.png,Book - Liberal Quiz.png,Book - Fasion.png,Breitbart Page - Fasion.png,Breitbart Page - NRA.PNG,Daily Kos Page - Fasion.png,Daily Kos Page - NRA.png,Food - Polar Bear.png,Food - Wallet.png,NewsMax Page - Adidas.png,NewsMax Page - Liberal Quiz.png,NYT Page - NRA.png,NYT Page - Wallet.png,NYT Page2 - NRA.png,NYT Page2 - Wallet.png
49,3ZICQFRS32VAV639OMLK40L1F0HZZI,31QTRG6Q2VQIZWPSVTQ0OF5A5CGPY4,A3C5EDRV80P0CO,27,Male,bachelors,employed_other,Yes,white,democrat,67745,831.0,5,5,3,3,4,3,4,5,5,5,5,5,5,5,5,4,5,Alternet Page - Wallet.png,Alternet Page - Polar Bear.png,Book - Liberal Quiz.png,Book - Fasion.png,Breitbart Page - Fasion.png,Breitbart Page - NRA.PNG,Daily Kos Page - Fasion.png,Daily Kos Page - NRA.png,Food - Polar Bear.png,Food - Wallet.png,NewsMax Page - Adidas.png,NewsMax Page - Liberal Quiz.png,NYT Page - NRA.png,NYT Page - Wallet.png,NYT Page2 - NRA.png,NYT Page2 - Wallet.png
49,3ZICQFRS32VAV639OMLK40L1F0HZZI,3FIJLY1B6WHCZ58XQ3YCZUYUZ1QFPX,A2JSIDRTDGDC7T,66,Female,grad,employed_stem,Yes,native,democrat,24538,2060.0,4,5,5,2,2,4,2,2,2,4,4,5,5,2,5,2,5,Alternet Page - Wallet.png,Alternet Page - Polar Bear.png,Book - Liberal Quiz.png,Book - Fasion.png,Breitbart Page - Fasion.png,Breitbart Page - NRA.PNG,Daily Kos Page - Fasion.png,Daily Kos Page - NRA.png,Food - Polar Bear.png,Food - Wallet.png,NewsMax Page - Adidas.png,NewsMax Page - Liberal Quiz.png,NYT Page - NRA.png,NYT Page - Wallet.png,NYT Page2 - NRA.png,NYT Page2 - Wallet.png
49,3ZICQFRS32VAV639OMLK40L1F0HZZI,3A4NIXBJ78CSEULGKY9ID39JRS1LMC,A3KAWNVC8UBHZQ,30,Male,bachelors,employed_biz,Yes,other,democrat,70810,3185.0,2,2,3,3,2,3,3,3,3,3,3,3,3,3,4,4,3,Alternet Page - Wallet.png,Alternet Page - Polar Bear.png,Book - Liberal Quiz.png,Book - Fasion.png,Breitbart Page - Fasion.png,Breitbart Page - NRA.PNG,Daily Kos Page - Fasion.png,Daily Kos Page - NRA.png,Food - Polar Bear.png,Food - Wallet.png,NewsMax Page - Adidas.png,NewsMax Page - Liberal Quiz.png,NYT Page - NRA.png,NYT Page - Wallet.png,NYT Page2 - NRA.png,NYT Page2 - Wallet.png
49,3ZICQFRS32VAV639OMLK40L1F0HZZI,3WMINLGALDGY9PILAIQE1TOW32ZCA4,A1KN352NGGRV6T,24,Male,bachelors,employed_stem,No,white,republican,37912,3795.0,3,2,4,4,2,2,4,3,2,4,2,3,5,3,3,2,4,Alternet Page - Wallet.png,Alternet Page - Polar Bear.png,Book - Liberal Quiz.png,Book - Fasion.png,Breitbart Page - Fasion.png,Breitbart Page - NRA.PNG,Daily Kos Page - Fasion.png,Daily Kos Page - NRA.png,Food - Polar Bear.png,Food - Wallet.png,NewsMax Page - Adidas.png,NewsMax Page - Liberal Quiz.png,NYT Page - NRA.png,NYT Page - Wallet.png,NYT Page2 - NRA.png,NYT Page2 - Wallet.png
49,3ZICQFRS32VAV639OMLK40L1F0HZZI,3OE22WJIGK1MIZ62L580LZP7EK1UQC,A1V1PLY6CPJTR9,32,Female,some_college,employed_other,No,white,democrat,53952,312.0,4,2,4,2,1,1,5,1,2,1,1,2,5,1,1,1,1,Alternet Page - Wallet.png,Alternet Page - Polar Bear.png,Book - Liberal Quiz.png,Book - Fasion.png,Breitbart Page - Fasion.png,Breitbart Page - NRA.PNG,Daily Kos Page - Fasion.png,Daily Kos Page - NRA.png,Food - Polar Bear.png,Food - Wallet.png,NewsMax Page - Adidas.png,NewsMax Page - Liberal Quiz.png,NYT Page - NRA.png,NYT Page - Wallet.png,NYT Page2 - NRA.png,NYT Page2 - Wallet.png
50,3YCT0L9OMNMJD53CQ6GIDKHPI79SNP,3W8CV64QJ4CBLEJW44QFGPASACLH92,A3LDQA6YZGV6NK,36,Female,highschool,employed_teacher,Yes,white,republican,33838,88.0,4,5,5,3,2,1,4,4,1,4,5,5,5,1,1,5,5,Alternet Page - Wallet.png,Alternet Page - Polar Bear.png,Book - Liberal Quiz.png,Book - Adidas.png,Breitbart Page - bp.png,Breitbart Page - Liberal Quiz.PNG,Daily Kos Page - Wallet.png,Daily Kos Page - Polar Bear.png,Food - NRA.png,Food - bp.png,NewsMax Page - Fasion.png,NewsMax Page - Polar Bear.png,NYT Page - NRA.png,NYT Page - Wallet.png,NYT Page2 - Polar Bear.png,NYT Page2 - Fasion.png
50,3YCT0L9OMNMJD53CQ6GIDKHPI79SNP,345LHZDEDZ5UBY00NUW48RWW4SDU3Z,A3PYEW6693PCHT,35,Male,associates,employed_stem,No,asian,democrat,91719,155.0,2,1,1,1,1,1,2,1,5,1,1,1,1,1,1,1,1,Alternet Page - Wallet.png,Alternet Page - Polar Bear.png,Book - Liberal Quiz.png,Book - Adidas.png,Breitbart Page - bp.png,Breitbart Page - Liberal Quiz.PNG,Daily Kos Page - Wallet.png,Daily Kos Page - Polar Bear.png,Food - NRA.png,Food - bp.png,NewsMax Page - Fasion.png,NewsMax Page - Polar Bear.png,NYT Page - NRA.png,NYT Page - Wallet.png,NYT Page2 - Polar Bear.png,NYT Page2 - Fasion.png
50,3YCT0L9OMNMJD53CQ6GIDKHPI79SNP,3PWWM24LHUB7SJX4GRHUTP9F1NM28H,A2ALKJQMTMA52E,22,Female,bachelors,student,No,white,democrat,19103,87.0,1,2,4,5,2,3,4,2,5,1,1,2,4,1,4,2,2,Alternet Page - Wallet.png,Alternet Page - Polar Bear.png,Book - Liberal Quiz.png,Book - Adidas.png,Breitbart Page - bp.png,Breitbart Page - Liberal Quiz.PNG,Daily Kos Page - Wallet.png,Daily Kos Page - Polar Bear.png,Food - NRA.png,Food - bp.png,NewsMax Page - Fasion.png,NewsMax Page - Polar Bear.png,NYT Page - NRA.png,NYT Page - Wallet.png,NYT Page2 - Polar Bear.png,NYT Page2 - Fasion.png
50,3YCT0L9OMNMJD53CQ6GIDKHPI79SNP,3R9WASFE21T6D9A3DCWEQS0890YFZJ,A354IL6K61ZWHP,19,Female,some_college,student,No,white,lean-democrat,06010,165.0,1,2,1,3,2,3,3,2,4,2,3,1,2,1,2,2,1,Alternet Page - Wallet.png,Alternet Page - Polar Bear.png,Book - Liberal Quiz.png,Book - Adidas.png,Breitbart Page - bp.png,Breitbart Page - Liberal Quiz.PNG,Daily Kos Page - Wallet.png,Daily Kos Page - Polar Bear.png,Food - NRA.png,Food - bp.png,NewsMax Page - Fasion.png,NewsMax Page - Polar Bear.png,NYT Page - NRA.png,NYT Page - Wallet.png,NYT Page2 - Polar Bear.png,NYT Page2 - Fasion.png
50,3YCT0L9OMNMJD53CQ6GIDKHPI79SNP,3ZGVPD4G6VUGWES48W137WF9095ZTA,A1OZN075MPLC9V,50,Male,some_college,employed_other,No,white,republican,36203,261.0,2,1,1,4,3,1,5,2,5,1,1,1,1,1,2,1,1,Alternet Page - Wallet.png,Alternet Page - Polar Bear.png,Book - Liberal Quiz.png,Book - Adidas.png,Breitbart Page - bp.png,Breitbart Page - Liberal Quiz.PNG,Daily Kos Page - Wallet.png,Daily Kos Page - Polar Bear.png,Food - NRA.png,Food - bp.png,NewsMax Page - Fasion.png,NewsMax Page - Polar Bear.png,NYT Page - NRA.png,NYT Page - Wallet.png,NYT Page2 - Polar Bear.png,NYT Page2 - Fasion.png
50,3YCT0L9OMNMJD53CQ6GIDKHPI79SNP,3TGOYF991ZZEASDJ2ES5V0MWH5XUU7,A1755V6LGU4WFX,31,Female,bachelors,employed_biz,No,asian,lean-democrat,10301,364.0,1,2,4,5,2,1,4,2,5,2,2,4,4,2,3,2,2,Alternet Page - Wallet.png,Alternet Page - Polar Bear.png,Book - Liberal Quiz.png,Book - Adidas.png,Breitbart Page - bp.png,Breitbart Page - Liberal Quiz.PNG,Daily Kos Page - Wallet.png,Daily Kos Page - Polar Bear.png,Food - NRA.png,Food - bp.png,NewsMax Page - Fasion.png,NewsMax Page - Polar Bear.png,NYT Page - NRA.png,NYT Page - Wallet.png,NYT Page2 - Polar Bear.png,NYT Page2 - Fasion.png
50,3YCT0L9OMNMJD53CQ6GIDKHPI79SNP,3GLB5JMZFZ89O812WEDZHLHHMXNGDJ,A1GJ4AW8SPF1HT,23,Male,highschool,employed_biz,No,white,democrat,78242,1955.0,1,1,4,4,1,2,5,1,5,1,2,1,4,4,4,1,2,Alternet Page - Wallet.png,Alternet Page - Polar Bear.png,Book - Liberal Quiz.png,Book - Adidas.png,Breitbart Page - bp.png,Breitbart Page - Liberal Quiz.PNG,Daily Kos Page - Wallet.png,Daily Kos Page - Polar Bear.png,Food - NRA.png,Food - bp.png,NewsMax Page - Fasion.png,NewsMax Page - Polar Bear.png,NYT Page - NRA.png,NYT Page - Wallet.png,NYT Page2 - Polar Bear.png,NYT Page2 - Fasion.png
50,3YCT0L9OMNMJD53CQ6GIDKHPI79SNP,3QY5DC2MXTXPRAGT7PX690LT7IIFUT,A2JSIDRTDGDC7T,66,Female,bachelors,employed_stem,Yes,native,democrat,24538,3220.0,4,5,5,2,2,2,2,5,5,2,2,5,5,2,5,5,2,Alternet Page - Wallet.png,Alternet Page - Polar Bear.png,Book - Liberal Quiz.png,Book - Adidas.png,Breitbart Page - bp.png,Breitbart Page - Liberal Quiz.PNG,Daily Kos Page - Wallet.png,Daily Kos Page - Polar Bear.png,Food - NRA.png,Food - bp.png,NewsMax Page - Fasion.png,NewsMax Page - Polar Bear.png,NYT Page - NRA.png,NYT Page - Wallet.png,NYT Page2 - Polar Bear.png,NYT Page2 - Fasion.png
50,3YCT0L9OMNMJD53CQ6GIDKHPI79SNP,3ZAZR5XV03VZAXQTMA6DIMF5CNFCZE,ALRZYSCFA6THX,23,Female,highschool,employed_other,No,white,lean-republican,92020,151.0,1,1,1,4,1,3,5,1,5,1,3,1,1,1,1,1,1,Alternet Page - Wallet.png,Alternet Page - Polar Bear.png,Book - Liberal Quiz.png,Book - Adidas.png,Breitbart Page - bp.png,Breitbart Page - Liberal Quiz.PNG,Daily Kos Page - Wallet.png,Daily Kos Page - Polar Bear.png,Food - NRA.png,Food - bp.png,NewsMax Page - Fasion.png,NewsMax Page - Polar Bear.png,NYT Page - NRA.png,NYT Page - Wallet.png,NYT Page2 - Polar Bear.png,NYT Page2 - Fasion.png
51,3I01FDIL6NLHMUV17XN9QXSR6992DF,3ZQIG0FLQGTRFBRO24HB9A9CGSHVWW,A1YMIA0664RNFF,46,Male,some_college,unemployed,No,other,democrat,37091,316.0,1,1,1,1,1,1,3,4,4,1,1,1,3,4,1,1,1,Alternet Page - Fasion.png,Alternet Page - Polar Bear.png,Book - Polar Bear.png,Book - Adidas.png,Breitbart Page - Adias.PNG,Breitbart Page - Impeach.png,Daily Kos Page - bp.png,Daily Kos Page - Liberal Quiz.png,Food - NRA.png,Food - Wallet.png,NewsMax Page - bp.png,NewsMax Page - Impeach.png,NYT Page - NRA.png,NYT Page - bp.png,NYT Page2 - NRA.png,NYT Page2 - Wallet.png
51,3I01FDIL6NLHMUV17XN9QXSR6992DF,3A1COHJ8NL8B790MZCK1GTFHQ63H8D,A19H91HUNQNR54,34,Male,bachelors,employed_biz,No,white,lean-democrat,75040,196.0,1,1,4,2,1,1,4,4,4,1,4,2,5,2,1,1,2,Alternet Page - Fasion.png,Alternet Page - Polar Bear.png,Book - Polar Bear.png,Book - Adidas.png,Breitbart Page - Adias.PNG,Breitbart Page - Impeach.png,Daily Kos Page - bp.png,Daily Kos Page - Liberal Quiz.png,Food - NRA.png,Food - Wallet.png,NewsMax Page - bp.png,NewsMax Page - Impeach.png,NYT Page - NRA.png,NYT Page - bp.png,NYT Page2 - NRA.png,NYT Page2 - Wallet.png
51,3I01FDIL6NLHMUV17XN9QXSR6992DF,3WYGZ5XF3YSKSJG3JVT3ACVAUHESKS,A36W7RZROOARHJ,40,Male,bachelors,employed_biz,No,white,republican,97209,281.0,2,2,1,1,3,2,3,2,4,1,1,2,4,3,2,1,1,Alternet Page - Fasion.png,Alternet Page - Polar Bear.png,Book - Polar Bear.png,Book - Adidas.png,Breitbart Page - Adias.PNG,Breitbart Page - Impeach.png,Daily Kos Page - bp.png,Daily Kos Page - Liberal Quiz.png,Food - NRA.png,Food - Wallet.png,NewsMax Page - bp.png,NewsMax Page - Impeach.png,NYT Page - NRA.png,NYT Page - bp.png,NYT Page2 - NRA.png,NYT Page2 - Wallet.png
51,3I01FDIL6NLHMUV17XN9QXSR6992DF,3GLB5JMZFZ89O812WEDZHLHHMXODGH,A2WF2TLTY77OHV,49,Male,highschool,employed_other,No,white,lean-republican,71247,187.0,1,1,4,1,4,1,4,5,2,3,1,4,1,4,4,4,4,Alternet Page - Fasion.png,Alternet Page - Polar Bear.png,Book - Polar Bear.png,Book - Adidas.png,Breitbart Page - Adias.PNG,Breitbart Page - Impeach.png,Daily Kos Page - bp.png,Daily Kos Page - Liberal Quiz.png,Food - NRA.png,Food - Wallet.png,NewsMax Page - bp.png,NewsMax Page - Impeach.png,NYT Page - NRA.png,NYT Page - bp.png,NYT Page2 - NRA.png,NYT Page2 - Wallet.png
51,3I01FDIL6NLHMUV17XN9QXSR6992DF,39GXDJN2OVRGPAV64115VU6QYLEV8H,A3CFJ4DCGG7BF5,26,Female,bachelors,employed_biz,No,white,lean-democrat,01775,352.0,1,1,2,2,1,1,5,5,5,1,2,2,4,1,2,1,1,Alternet Page - Fasion.png,Alternet Page - Polar Bear.png,Book - Polar Bear.png,Book - Adidas.png,Breitbart Page - Adias.PNG,Breitbart Page - Impeach.png,Daily Kos Page - bp.png,Daily Kos Page - Liberal Quiz.png,Food - NRA.png,Food - Wallet.png,NewsMax Page - bp.png,NewsMax Page - Impeach.png,NYT Page - NRA.png,NYT Page - bp.png,NYT Page2 - NRA.png,NYT Page2 - Wallet.png
51,3I01FDIL6NLHMUV17XN9QXSR6992DF,308Q0PEVBAQBH9UGAM80G1B7AP1I9X,A2EPDDX5049SYF,35,Female,bachelors,employed_teacher,No,white,democrat,34639,418.0,2,1,4,1,1,1,4,2,4,1,2,2,4,1,1,1,1,Alternet Page - Fasion.png,Alternet Page - Polar Bear.png,Book - Polar Bear.png,Book - Adidas.png,Breitbart Page - Adias.PNG,Breitbart Page - Impeach.png,Daily Kos Page - bp.png,Daily Kos Page - Liberal Quiz.png,Food - NRA.png,Food - Wallet.png,NewsMax Page - bp.png,NewsMax Page - Impeach.png,NYT Page - NRA.png,NYT Page - bp.png,NYT Page2 - NRA.png,NYT Page2 - Wallet.png
51,3I01FDIL6NLHMUV17XN9QXSR6992DF,3WS1NTTKE0P9BO4D9IJMKTXMRTF0FC,A1ZDT1M5X1O61J,32,Female,bachelors,employed_teacher,No,native,democrat,98004,514.0,4,4,5,5,5,4,5,4,4,4,5,5,5,5,4,5,5,Alternet Page - Fasion.png,Alternet Page - Polar Bear.png,Book - Polar Bear.png,Book - Adidas.png,Breitbart Page - Adias.PNG,Breitbart Page - Impeach.png,Daily Kos Page - bp.png,Daily Kos Page - Liberal Quiz.png,Food - NRA.png,Food - Wallet.png,NewsMax Page - bp.png,NewsMax Page - Impeach.png,NYT Page - NRA.png,NYT Page - bp.png,NYT Page2 - NRA.png,NYT Page2 - Wallet.png
51,3I01FDIL6NLHMUV17XN9QXSR6992DF,3F1567XTNYIOY7IZNUD9P32T1ZHQ97,A2JSIDRTDGDC7T,66,Male,bachelors,employed_stem,Yes,native,democrat,24538,3523.0,4,2,5,5,2,2,2,2,2,2,5,5,5,2,2,2,5,Alternet Page - Fasion.png,Alternet Page - Polar Bear.png,Book - Polar Bear.png,Book - Adidas.png,Breitbart Page - Adias.PNG,Breitbart Page - Impeach.png,Daily Kos Page - bp.png,Daily Kos Page - Liberal Quiz.png,Food - NRA.png,Food - Wallet.png,NewsMax Page - bp.png,NewsMax Page - Impeach.png,NYT Page - NRA.png,NYT Page - bp.png,NYT Page2 - NRA.png,NYT Page2 - Wallet.png
51,3I01FDIL6NLHMUV17XN9QXSR6992DF,3SEPORI8WPCBHITV2WAMCRPHCKKZAP,A3C5EDRV80P0CO,27,Male,bachelors,employed_other,Yes,white,democrat,67745,3731.0,5,3,4,5,4,5,4,5,5,3,4,3,5,3,4,5,4,Alternet Page - Fasion.png,Alternet Page - Polar Bear.png,Book - Polar Bear.png,Book - Adidas.png,Breitbart Page - Adias.PNG,Breitbart Page - Impeach.png,Daily Kos Page - bp.png,Daily Kos Page - Liberal Quiz.png,Food - NRA.png,Food - Wallet.png,NewsMax Page - bp.png,NewsMax Page - Impeach.png,NYT Page - NRA.png,NYT Page - bp.png,NYT Page2 - NRA.png,NYT Page2 - Wallet.png
52,3DWGDA5POGHWRQDRFENPR0OTEAYV1P,3L0KT67Y8GTFCO5KNAUUJKALSWNSYN,A1RGKDDAQN68NO,25,Female,grad,employed_stem,No,asian,lean-democrat,77019,81.0,3,3,3,3,3,3,3,3,3,3,3,3,3,3,3,3,3,Alternet Page - bp.png,Alternet Page - Polar Bear.png,Book - Polar Bear.png,Book - Adidas.png,Breitbart Page - bp.png,Breitbart Page - Wildlife.png,Daily Kos Page - Fasion.png,Daily Kos Page - NRA.png,Food - Liberal Quiz.png,Food - Adidas.png,NewsMax Page - Adidas.png,NewsMax Page - Polar Bear.png,NYT Page - Polar Bear.png,NYT Page - Fasion.png,NYT Page2 - Liberal Quiz.png,NYT Page2 - Wallet.png
52,3DWGDA5POGHWRQDRFENPR0OTEAYV1P,33F859I568QU97YT2O4B7V5IYCOBH6,A1EYO4BWGW0MZ9,22,Female,bachelors,unemployed,No,white,democrat,11557,137.0,1,1,4,1,2,2,4,1,4,2,4,2,4,2,4,1,2,Alternet Page - bp.png,Alternet Page - Polar Bear.png,Book - Polar Bear.png,Book - Adidas.png,Breitbart Page - bp.png,Breitbart Page - Wildlife.png,Daily Kos Page - Fasion.png,Daily Kos Page - NRA.png,Food - Liberal Quiz.png,Food - Adidas.png,NewsMax Page - Adidas.png,NewsMax Page - Polar Bear.png,NYT Page - Polar Bear.png,NYT Page - Fasion.png,NYT Page2 - Liberal Quiz.png,NYT Page2 - Wallet.png
52,3DWGDA5POGHWRQDRFENPR0OTEAYV1P,31JLPPHS2W7ZYTG3R8KV9L47M6PO3G,A34DYM8J0X5VK,42,Male,some_college,unemployed,No,white,republican,40374,158.0,3,2,3,2,3,2,2,2,2,2,2,2,2,2,2,2,2,Alternet Page - bp.png,Alternet Page - Polar Bear.png,Book - Polar Bear.png,Book - Adidas.png,Breitbart Page - bp.png,Breitbart Page - Wildlife.png,Daily Kos Page - Fasion.png,Daily Kos Page - NRA.png,Food - Liberal Quiz.png,Food - Adidas.png,NewsMax Page - Adidas.png,NewsMax Page - Polar Bear.png,NYT Page - Polar Bear.png,NYT Page - Fasion.png,NYT Page2 - Liberal Quiz.png,NYT Page2 - Wallet.png
52,3DWGDA5POGHWRQDRFENPR0OTEAYV1P,3E1QT0TDFRMB34B65U2MG5GWQJI8IX,A3BP890CXV4UMN,54,Female,bachelors,employed_other,No,white,republican,25526,372.0,3,1,1,1,3,1,3,1,1,4,3,4,1,1,1,3,4,Alternet Page - bp.png,Alternet Page - Polar Bear.png,Book - Polar Bear.png,Book - Adidas.png,Breitbart Page - bp.png,Breitbart Page - Wildlife.png,Daily Kos Page - Fasion.png,Daily Kos Page - NRA.png,Food - Liberal Quiz.png,Food - Adidas.png,NewsMax Page - Adidas.png,NewsMax Page - Polar Bear.png,NYT Page - Polar Bear.png,NYT Page - Fasion.png,NYT Page2 - Liberal Quiz.png,NYT Page2 - Wallet.png
52,3DWGDA5POGHWRQDRFENPR0OTEAYV1P,354P56DE9MGWX49J014U67QOOXES7M,A3J71HY4S92B8I,36,Female,bachelors,unemployed,No,white,democrat,94116,161.0,1,1,1,1,1,1,1,1,1,1,1,1,2,1,1,1,1,Alternet Page - bp.png,Alternet Page - Polar Bear.png,Book - Polar Bear.png,Book - Adidas.png,Breitbart Page - bp.png,Breitbart Page - Wildlife.png,Daily Kos Page - Fasion.png,Daily Kos Page - NRA.png,Food - Liberal Quiz.png,Food - Adidas.png,NewsMax Page - Adidas.png,NewsMax Page - Polar Bear.png,NYT Page - Polar Bear.png,NYT Page - Fasion.png,NYT Page2 - Liberal Quiz.png,NYT Page2 - Wallet.png
52,3DWGDA5POGHWRQDRFENPR0OTEAYV1P,3SNLUL3WO60BR2QPT0044DQD4E4ULD,A1ITF1O2NFDPCP,19,Male,highschool,student,No,white,lean-republican,80111,128.0,2,2,1,1,1,2,1,1,2,1,2,2,4,1,1,1,1,Alternet Page - bp.png,Alternet Page - Polar Bear.png,Book - Polar Bear.png,Book - Adidas.png,Breitbart Page - bp.png,Breitbart Page - Wildlife.png,Daily Kos Page - Fasion.png,Daily Kos Page - NRA.png,Food - Liberal Quiz.png,Food - Adidas.png,NewsMax Page - Adidas.png,NewsMax Page - Polar Bear.png,NYT Page - Polar Bear.png,NYT Page - Fasion.png,NYT Page2 - Liberal Quiz.png,NYT Page2 - Wallet.png
52,3DWGDA5POGHWRQDRFENPR0OTEAYV1P,3RSDURM96CZE2502MFAPU366R5FYET,A31QX0ZOIZVQO9,27,Male,bachelors,employed_biz,Yes,white,republican,67745,240.0,4,3,4,3,4,4,3,4,4,3,4,3,4,3,4,3,4,Alternet Page - bp.png,Alternet Page - Polar Bear.png,Book - Polar Bear.png,Book - Adidas.png,Breitbart Page - bp.png,Breitbart Page - Wildlife.png,Daily Kos Page - Fasion.png,Daily Kos Page - NRA.png,Food - Liberal Quiz.png,Food - Adidas.png,NewsMax Page - Adidas.png,NewsMax Page - Polar Bear.png,NYT Page - Polar Bear.png,NYT Page - Fasion.png,NYT Page2 - Liberal Quiz.png,NYT Page2 - Wallet.png
52,3DWGDA5POGHWRQDRFENPR0OTEAYV1P,3HOSI13XH116CORBUOCRB0EK95ADD9,AOEO9ZV81R0I4,43,Male,bachelors,employed_biz,No,white,democrat,49601,177.0,2,1,1,1,2,1,1,1,2,1,1,1,2,1,2,1,1,Alternet Page - bp.png,Alternet Page - Polar Bear.png,Book - Polar Bear.png,Book - Adidas.png,Breitbart Page - bp.png,Breitbart Page - Wildlife.png,Daily Kos Page - Fasion.png,Daily Kos Page - NRA.png,Food - Liberal Quiz.png,Food - Adidas.png,NewsMax Page - Adidas.png,NewsMax Page - Polar Bear.png,NYT Page - Polar Bear.png,NYT Page - Fasion.png,NYT Page2 - Liberal Quiz.png,NYT Page2 - Wallet.png
52,3DWGDA5POGHWRQDRFENPR0OTEAYV1P,3TAYZSBPLNLPB3CDUPNZAG9GDIAS2Q,AZ62O8KDF3EYR,30,Male,bachelors,employed_other,Yes,white,democrat,93619,385.0,4,3,4,3,4,5,4,3,2,4,4,4,4,4,4,5,3,Alternet Page - bp.png,Alternet Page - Polar Bear.png,Book - Polar Bear.png,Book - Adidas.png,Breitbart Page - bp.png,Breitbart Page - Wildlife.png,Daily Kos Page - Fasion.png,Daily Kos Page - NRA.png,Food - Liberal Quiz.png,Food - Adidas.png,NewsMax Page - Adidas.png,NewsMax Page - Polar Bear.png,NYT Page - Polar Bear.png,NYT Page - Fasion.png,NYT Page2 - Liberal Quiz.png,NYT Page2 - Wallet.png
53,39KMGHJ4R0NGR0RTGYV0S2FTFMG000,3M0BCWMB8X9C6XTIXNQB8YF5D01BW6,A1ANSFI5L7SUUH,29,Female,some_college,employed_stem,Yes,white,independent,33170,197.0,3,3,3,4,4,3,3,3,3,2,3,3,2,2,3,2,3,Alternet Page - Fasion.png,Alternet Page - Liberal Quiz.png,Book - NRA.png,Book - bp.png,Breitbart Page - Fasion.png,Breitbart Page - Liberal Quiz.PNG,Daily Kos Page - Fasion.png,Daily Kos Page - Impeach.png,Food - Impeach.png,Food - Fasion.png,NewsMax Page - Wallet.png,NewsMax Page - Polar Bear.png,NYT Page - Impeach.png,NYT Page - Fasion.png,NYT Page2 - NRA.png,NYT Page2 - Adidas.png
53,39KMGHJ4R0NGR0RTGYV0S2FTFMG000,36ZN444YTTBEOWYMCBRIDR6W5OMOIG,AKR0NZW3FCXYS,36,Female,bachelors,employed_biz,No,white,democrat,59801,216.0,1,1,5,1,3,1,5,4,4,1,4,4,5,1,4,1,2,Alternet Page - Fasion.png,Alternet Page - Liberal Quiz.png,Book - NRA.png,Book - bp.png,Breitbart Page - Fasion.png,Breitbart Page - Liberal Quiz.PNG,Daily Kos Page - Fasion.png,Daily Kos Page - Impeach.png,Food - Impeach.png,Food - Fasion.png,NewsMax Page - Wallet.png,NewsMax Page - Polar Bear.png,NYT Page - Impeach.png,NYT Page - Fasion.png,NYT Page2 - NRA.png,NYT Page2 - Adidas.png
53,39KMGHJ4R0NGR0RTGYV0S2FTFMG000,3IJXV6UZ1ZWHL9Q2438M7MB1GB6IRJ,A3JRJQLXDCRW4O,49,Female,bachelors,employed_biz,No,asian,independent,90245,385.0,1,1,5,4,2,1,5,1,2,1,1,1,1,1,2,1,1,Alternet Page - Fasion.png,Alternet Page - Liberal Quiz.png,Book - NRA.png,Book - bp.png,Breitbart Page - Fasion.png,Breitbart Page - Liberal Quiz.PNG,Daily Kos Page - Fasion.png,Daily Kos Page - Impeach.png,Food - Impeach.png,Food - Fasion.png,NewsMax Page - Wallet.png,NewsMax Page - Polar Bear.png,NYT Page - Impeach.png,NYT Page - Fasion.png,NYT Page2 - NRA.png,NYT Page2 - Adidas.png
53,39KMGHJ4R0NGR0RTGYV0S2FTFMG000,3C2NJ6JBKCUSVQK8MT6DBMZAQIKN2P,A2ALKJQMTMA52E,22,Female,bachelors,student,No,white,democrat,19104,186.0,1,2,2,1,3,2,4,2,4,2,4,4,5,1,5,1,5,Alternet Page - Fasion.png,Alternet Page - Liberal Quiz.png,Book - NRA.png,Book - bp.png,Breitbart Page - Fasion.png,Breitbart Page - Liberal Quiz.PNG,Daily Kos Page - Fasion.png,Daily Kos Page - Impeach.png,Food - Impeach.png,Food - Fasion.png,NewsMax Page - Wallet.png,NewsMax Page - Polar Bear.png,NYT Page - Impeach.png,NYT Page - Fasion.png,NYT Page2 - NRA.png,NYT Page2 - Adidas.png
53,39KMGHJ4R0NGR0RTGYV0S2FTFMG000,3OS46CRSLHCTLWCIBM47BGAZSQOV6V,ANVCPND7TZC25,32,Female,bachelors,employed_biz,No,white,lean-democrat,07852,183.0,1,1,4,3,1,1,4,1,4,1,1,4,1,1,1,1,1,Alternet Page - Fasion.png,Alternet Page - Liberal Quiz.png,Book - NRA.png,Book - bp.png,Breitbart Page - Fasion.png,Breitbart Page - Liberal Quiz.PNG,Daily Kos Page - Fasion.png,Daily Kos Page - Impeach.png,Food - Impeach.png,Food - Fasion.png,NewsMax Page - Wallet.png,NewsMax Page - Polar Bear.png,NYT Page - Impeach.png,NYT Page - Fasion.png,NYT Page2 - NRA.png,NYT Page2 - Adidas.png
53,39KMGHJ4R0NGR0RTGYV0S2FTFMG000,3PPTZCWALSX34Y0CRS782R4MG26ZQW,A345TDMHP3DQ3G,27,Female,grad,employed_biz,No,asian,republican,10036,236.0,2,1,4,4,4,2,4,2,3,1,4,4,3,1,3,4,3,Alternet Page - Fasion.png,Alternet Page - Liberal Quiz.png,Book - NRA.png,Book - bp.png,Breitbart Page - Fasion.png,Breitbart Page - Liberal Quiz.PNG,Daily Kos Page - Fasion.png,Daily Kos Page - Impeach.png,Food - Impeach.png,Food - Fasion.png,NewsMax Page - Wallet.png,NewsMax Page - Polar Bear.png,NYT Page - Impeach.png,NYT Page - Fasion.png,NYT Page2 - NRA.png,NYT Page2 - Adidas.png
53,39KMGHJ4R0NGR0RTGYV0S2FTFMG000,3DI28L7YXCRHCZPZAQ3GGGVWKK5E1A,A2JSIDRTDGDC7T,66,Female,bachelors,employed_stem,Yes,native,democrat,24538,3677.0,4,2,2,2,2,2,2,2,2,2,2,5,5,2,2,2,2,Alternet Page - Fasion.png,Alternet Page - Liberal Quiz.png,Book - NRA.png,Book - bp.png,Breitbart Page - Fasion.png,Breitbart Page - Liberal Quiz.PNG,Daily Kos Page - Fasion.png,Daily Kos Page - Impeach.png,Food - Impeach.png,Food - Fasion.png,NewsMax Page - Wallet.png,NewsMax Page - Polar Bear.png,NYT Page - Impeach.png,NYT Page - Fasion.png,NYT Page2 - NRA.png,NYT Page2 - Adidas.png
53,39KMGHJ4R0NGR0RTGYV0S2FTFMG000,33CID571066RS8D6EG43H40DR233LZ,AN3XIICJXO4GT,26,Female,bachelors,employed_stem,No,asian,republican,75001,419.0,4,4,3,4,4,3,4,4,3,4,4,3,4,4,3,4,3,Alternet Page - Fasion.png,Alternet Page - Liberal Quiz.png,Book - NRA.png,Book - bp.png,Breitbart Page - Fasion.png,Breitbart Page - Liberal Quiz.PNG,Daily Kos Page - Fasion.png,Daily Kos Page - Impeach.png,Food - Impeach.png,Food - Fasion.png,NewsMax Page - Wallet.png,NewsMax Page - Polar Bear.png,NYT Page - Impeach.png,NYT Page - Fasion.png,NYT Page2 - NRA.png,NYT Page2 - Adidas.png
53,39KMGHJ4R0NGR0RTGYV0S2FTFMG000,3Z4XG4ZF4A48TZ014G2NJF3BEX98XM,A2JISAJBHTFGDI,29,Male,associates,student,No,white,lean-democrat,06040,201.0,1,1,1,3,2,4,1,4,1,1,1,2,4,1,4,1,4,Alternet Page - Fasion.png,Alternet Page - Liberal Quiz.png,Book - NRA.png,Book - bp.png,Breitbart Page - Fasion.png,Breitbart Page - Liberal Quiz.PNG,Daily Kos Page - Fasion.png,Daily Kos Page - Impeach.png,Food - Impeach.png,Food - Fasion.png,NewsMax Page - Wallet.png,NewsMax Page - Polar Bear.png,NYT Page - Impeach.png,NYT Page - Fasion.png,NYT Page2 - NRA.png,NYT Page2 - Adidas.png
54,33IXYHIZB6VME0913SYTWFAC6LA2E8,3QAVNHZ3EOHRCTCRNVJD4CEJXBCLAS,A3P7AZ2YH4ICQJ,33,Male,grad,employed_other,No,white,democrat,02476,177.0,1,1,4,4,1,1,4,1,1,1,1,1,5,1,3,1,1,Alternet Page - Adidas.png,Alternet Page - Liberal Quiz.png,Book - Liberal Quiz.png,Book - Adidas.png,Breitbart Page - Fasion.png,Breitbart Page - Impeach.png,Daily Kos Page - Fasion.png,Daily Kos Page - NRA.png,Food - Polar Bear.png,Food - Fasion.png,NewsMax Page - Adidas.png,NewsMax Page - Liberal Quiz.png,NYT Page - NRA.png,NYT Page - Wallet.png,NYT Page2 - Impeach.png,NYT Page2 - Wallet.png
54,33IXYHIZB6VME0913SYTWFAC6LA2E8,3QFUFYSY90SQACMESJ6OWWNZ85V4FW,APRUN18DJGVFD,19,Female,some_college,student,No,white,democrat,45230,207.0,2,1,4,4,1,1,4,1,2,2,1,1,4,1,1,1,1,Alternet Page - Adidas.png,Alternet Page - Liberal Quiz.png,Book - Liberal Quiz.png,Book - Adidas.png,Breitbart Page - Fasion.png,Breitbart Page - Impeach.png,Daily Kos Page - Fasion.png,Daily Kos Page - NRA.png,Food - Polar Bear.png,Food - Fasion.png,NewsMax Page - Adidas.png,NewsMax Page - Liberal Quiz.png,NYT Page - NRA.png,NYT Page - Wallet.png,NYT Page2 - Impeach.png,NYT Page2 - Wallet.png
54,33IXYHIZB6VME0913SYTWFAC6LA2E8,3U84XHCDIEQWFTDETV0VZO3HKAOZ4E,A1C9ZHH1PV21PG,25,Female,some_college,student,Yes,white,democrat,59801,752.0,4,4,3,3,2,4,3,3,4,3,3,3,3,4,3,3,3,Alternet Page - Adidas.png,Alternet Page - Liberal Quiz.png,Book - Liberal Quiz.png,Book - Adidas.png,Breitbart Page - Fasion.png,Breitbart Page - Impeach.png,Daily Kos Page - Fasion.png,Daily Kos Page - NRA.png,Food - Polar Bear.png,Food - Fasion.png,NewsMax Page - Adidas.png,NewsMax Page - Liberal Quiz.png,NYT Page - NRA.png,NYT Page - Wallet.png,NYT Page2 - Impeach.png,NYT Page2 - Wallet.png
54,33IXYHIZB6VME0913SYTWFAC6LA2E8,37TRT2X24S4Q0DTJQO7WJ8LXB4TBJC,A1TX7OXZK8C3ZF,35,Female,bachelors,employed_stem,No,asian,lean-republican,97002,362.0,4,4,4,3,4,4,3,4,4,4,3,4,4,4,3,4,3,Alternet Page - Adidas.png,Alternet Page - Liberal Quiz.png,Book - Liberal Quiz.png,Book - Adidas.png,Breitbart Page - Fasion.png,Breitbart Page - Impeach.png,Daily Kos Page - Fasion.png,Daily Kos Page - NRA.png,Food - Polar Bear.png,Food - Fasion.png,NewsMax Page - Adidas.png,NewsMax Page - Liberal Quiz.png,NYT Page - NRA.png,NYT Page - Wallet.png,NYT Page2 - Impeach.png,NYT Page2 - Wallet.png
54,33IXYHIZB6VME0913SYTWFAC6LA2E8,34S6N1K2ZXW6MGK5T1T5LY1NA62LH3,A2JSIDRTDGDC7T,66,Female,bachelors,employed_stem,Yes,native,democrat,24538,3077.0,4,2,2,2,2,2,2,2,2,5,2,5,5,2,5,2,5,Alternet Page - Adidas.png,Alternet Page - Liberal Quiz.png,Book - Liberal Quiz.png,Book - Adidas.png,Breitbart Page - Fasion.png,Breitbart Page - Impeach.png,Daily Kos Page - Fasion.png,Daily Kos Page - NRA.png,Food - Polar Bear.png,Food - Fasion.png,NewsMax Page - Adidas.png,NewsMax Page - Liberal Quiz.png,NYT Page - NRA.png,NYT Page - Wallet.png,NYT Page2 - Impeach.png,NYT Page2 - Wallet.png
54,33IXYHIZB6VME0913SYTWFAC6LA2E8,3WQQ9FUS6C71GWX0ZKA5UICJVTZ8BP,A3C5EDRV80P0CO,27,Male,bachelors,employed_biz,Yes,white,democrat,67745,3423.0,4,4,5,4,5,4,5,4,5,4,5,4,5,4,5,4,5,Alternet Page - Adidas.png,Alternet Page - Liberal Quiz.png,Book - Liberal Quiz.png,Book - Adidas.png,Breitbart Page - Fasion.png,Breitbart Page - Impeach.png,Daily Kos Page - Fasion.png,Daily Kos Page - NRA.png,Food - Polar Bear.png,Food - Fasion.png,NewsMax Page - Adidas.png,NewsMax Page - Liberal Quiz.png,NYT Page - NRA.png,NYT Page - Wallet.png,NYT Page2 - Impeach.png,NYT Page2 - Wallet.png
54,33IXYHIZB6VME0913SYTWFAC6LA2E8,3KMS4QQVK43BOEBHDBT43DCV5RUKFB,A1C4BRJNLJJ70H,35,Male,bachelors,unemployed,No,white,democrat,50401,286.0,1,1,5,4,1,1,4,1,1,1,2,1,5,1,1,1,1,Alternet Page - Adidas.png,Alternet Page - Liberal Quiz.png,Book - Liberal Quiz.png,Book - Adidas.png,Breitbart Page - Fasion.png,Breitbart Page - Impeach.png,Daily Kos Page - Fasion.png,Daily Kos Page - NRA.png,Food - Polar Bear.png,Food - Fasion.png,NewsMax Page - Adidas.png,NewsMax Page - Liberal Quiz.png,NYT Page - NRA.png,NYT Page - Wallet.png,NYT Page2 - Impeach.png,NYT Page2 - Wallet.png
54,33IXYHIZB6VME0913SYTWFAC6LA2E8,3PS7W85Z81F1QNAR4Y74U8DGL6Q9TE,A210WH51UY4KF1,28,Male,bachelors,employed_stem,Yes,white,democrat,65809,652.0,4,4,5,3,4,5,4,3,5,4,5,4,4,5,4,5,4,Alternet Page - Adidas.png,Alternet Page - Liberal Quiz.png,Book - Liberal Quiz.png,Book - Adidas.png,Breitbart Page - Fasion.png,Breitbart Page - Impeach.png,Daily Kos Page - Fasion.png,Daily Kos Page - NRA.png,Food - Polar Bear.png,Food - Fasion.png,NewsMax Page - Adidas.png,NewsMax Page - Liberal Quiz.png,NYT Page - NRA.png,NYT Page - Wallet.png,NYT Page2 - Impeach.png,NYT Page2 - Wallet.png
54,33IXYHIZB6VME0913SYTWFAC6LA2E8,3L4PIM1GQVT3B9578LUPTA5P6UGYRH,A10463CXXO00VE,38,Male,grad,employed_biz,Yes,white,republican,80920,189.0,3,1,4,2,1,1,4,2,2,3,3,2,4,2,3,1,3,Alternet Page - Adidas.png,Alternet Page - Liberal Quiz.png,Book - Liberal Quiz.png,Book - Adidas.png,Breitbart Page - Fasion.png,Breitbart Page - Impeach.png,Daily Kos Page - Fasion.png,Daily Kos Page - NRA.png,Food - Polar Bear.png,Food - Fasion.png,NewsMax Page - Adidas.png,NewsMax Page - Liberal Quiz.png,NYT Page - NRA.png,NYT Page - Wallet.png,NYT Page2 - Impeach.png,NYT Page2 - Wallet.png
55,386659BNTMUGYPCBCHZ067Y3KEM013,31HQ4X3T3UNVCPYL4V54PC8PJHJLSO,A1HNB2243A2PQH,38,Female,bachelors,employed_biz,No,asian,lean-democrat,02116,133.0,5,3,3,4,5,2,3,5,3,4,4,5,3,4,5,3,2,Alternet Page - bp.png,Alternet Page - NRA.png,Book - Impeach.png,Book - Fasion.png,Breitbart Page - Adias.PNG,Breitbart Page - Impeach.png,Daily Kos Page - Wallet.png,Daily Kos Page - Impeach.png,Food - NRA.png,Food - Adidas.png,NewsMax Page - Fasion.png,NewsMax Page - Liberal Quiz.png,NYT Page - Liberal Quiz.png,NYT Page - Adidas.png,NYT Page2 - NRA.png,NYT Page2 - Fasion.png
55,386659BNTMUGYPCBCHZ067Y3KEM013,3AAJC4I4FI5MIBWZW2NZ5QS027EJZP,A1TXFXMD95RM8C,31,Male,grad,employed_stem,No,white,republican,62305,201.0,3,2,4,3,1,1,4,1,4,1,1,2,5,3,4,1,2,Alternet Page - bp.png,Alternet Page - NRA.png,Book - Impeach.png,Book - Fasion.png,Breitbart Page - Adias.PNG,Breitbart Page - Impeach.png,Daily Kos Page - Wallet.png,Daily Kos Page - Impeach.png,Food - NRA.png,Food - Adidas.png,NewsMax Page - Fasion.png,NewsMax Page - Liberal Quiz.png,NYT Page - Liberal Quiz.png,NYT Page - Adidas.png,NYT Page2 - NRA.png,NYT Page2 - Fasion.png
55,386659BNTMUGYPCBCHZ067Y3KEM013,30ZX6P7VFA8WC0TN7VELIFITHYFJ2H,A3333HWWQUHCDS,43,Male,some_college,unemployed,No,white,independent,93004,452.0,1,1,5,2,3,1,1,1,1,1,2,2,5,3,5,1,1,Alternet Page - bp.png,Alternet Page - NRA.png,Book - Impeach.png,Book - Fasion.png,Breitbart Page - Adias.PNG,Breitbart Page - Impeach.png,Daily Kos Page - Wallet.png,Daily Kos Page - Impeach.png,Food - NRA.png,Food - Adidas.png,NewsMax Page - Fasion.png,NewsMax Page - Liberal Quiz.png,NYT Page - Liberal Quiz.png,NYT Page - Adidas.png,NYT Page2 - NRA.png,NYT Page2 - Fasion.png
55,386659BNTMUGYPCBCHZ067Y3KEM013,3QUO65DNQW1JXNTM6SGWWUU7ZJ9UOU,A3AG3WP77JFG1T,19,Female,some_college,employed_biz,Yes,white,independent,06117,121.0,4,3,4,4,1,1,5,2,4,1,1,1,4,2,5,1,2,Alternet Page - bp.png,Alternet Page - NRA.png,Book - Impeach.png,Book - Fasion.png,Breitbart Page - Adias.PNG,Breitbart Page - Impeach.png,Daily Kos Page - Wallet.png,Daily Kos Page - Impeach.png,Food - NRA.png,Food - Adidas.png,NewsMax Page - Fasion.png,NewsMax Page - Liberal Quiz.png,NYT Page - Liberal Quiz.png,NYT Page - Adidas.png,NYT Page2 - NRA.png,NYT Page2 - Fasion.png
55,386659BNTMUGYPCBCHZ067Y3KEM013,30H4UDGLT4VI5F0ECQ2PUKI3W22PME,A3J7SLUX6BFUN8,26,Female,some_college,employed_other,No,african-american,democrat,42303,257.0,2,1,5,4,1,1,4,2,4,1,1,1,5,3,4,1,1,Alternet Page - bp.png,Alternet Page - NRA.png,Book - Impeach.png,Book - Fasion.png,Breitbart Page - Adias.PNG,Breitbart Page - Impeach.png,Daily Kos Page - Wallet.png,Daily Kos Page - Impeach.png,Food - NRA.png,Food - Adidas.png,NewsMax Page - Fasion.png,NewsMax Page - Liberal Quiz.png,NYT Page - Liberal Quiz.png,NYT Page - Adidas.png,NYT Page2 - NRA.png,NYT Page2 - Fasion.png
55,386659BNTMUGYPCBCHZ067Y3KEM013,3OVHNO1VE8E9FPW7M61O2SXNXNHDZ5,A2JSIDRTDGDC7T,66,Female,bachelors,employed_stem,Yes,native,democrat,24538,3625.0,4,2,2,2,2,2,2,5,2,2,2,5,5,2,2,2,2,Alternet Page - bp.png,Alternet Page - NRA.png,Book - Impeach.png,Book - Fasion.png,Breitbart Page - Adias.PNG,Breitbart Page - Impeach.png,Daily Kos Page - Wallet.png,Daily Kos Page - Impeach.png,Food - NRA.png,Food - Adidas.png,NewsMax Page - Fasion.png,NewsMax Page - Liberal Quiz.png,NYT Page - Liberal Quiz.png,NYT Page - Adidas.png,NYT Page2 - NRA.png,NYT Page2 - Fasion.png
55,386659BNTMUGYPCBCHZ067Y3KEM013,3PPTZCWALSX34Y0CRS782R4MG2FZQ5,A2O9YGSWKCBBAT,28,Male,bachelors,employed_stem,Yes,white,republican,78737,832.0,5,3,4,3,4,3,4,4,3,2,3,4,4,3,2,4,3,Alternet Page - bp.png,Alternet Page - NRA.png,Book - Impeach.png,Book - Fasion.png,Breitbart Page - Adias.PNG,Breitbart Page - Impeach.png,Daily Kos Page - Wallet.png,Daily Kos Page - Impeach.png,Food - NRA.png,Food - Adidas.png,NewsMax Page - Fasion.png,NewsMax Page - Liberal Quiz.png,NYT Page - Liberal Quiz.png,NYT Page - Adidas.png,NYT Page2 - NRA.png,NYT Page2 - Fasion.png
55,386659BNTMUGYPCBCHZ067Y3KEM013,3YMU66OBIPLQ0O64IAWP86WFEPSHG5,A1FTIGX35ZK6PD,33,Male,bachelors,employed_biz,No,white,independent,60606,74.0,3,3,4,2,2,3,3,4,3,2,3,3,4,3,3,4,3,Alternet Page - bp.png,Alternet Page - NRA.png,Book - Impeach.png,Book - Fasion.png,Breitbart Page - Adias.PNG,Breitbart Page - Impeach.png,Daily Kos Page - Wallet.png,Daily Kos Page - Impeach.png,Food - NRA.png,Food - Adidas.png,NewsMax Page - Fasion.png,NewsMax Page - Liberal Quiz.png,NYT Page - Liberal Quiz.png,NYT Page - Adidas.png,NYT Page2 - NRA.png,NYT Page2 - Fasion.png
55,386659BNTMUGYPCBCHZ067Y3KEM013,38JBBYETQQNY4YMIX8MIEE2ZW4O4EM,A20P4INLPHG8VA,25,Female,bachelors,employed_stem,Yes,white,democrat,02459,1757.0,4,4,4,3,3,3,3,3,3,3,3,3,3,3,3,3,3,Alternet Page - bp.png,Alternet Page - NRA.png,Book - Impeach.png,Book - Fasion.png,Breitbart Page - Adias.PNG,Breitbart Page - Impeach.png,Daily Kos Page - Wallet.png,Daily Kos Page - Impeach.png,Food - NRA.png,Food - Adidas.png,NewsMax Page - Fasion.png,NewsMax Page - Liberal Quiz.png,NYT Page - Liberal Quiz.png,NYT Page - Adidas.png,NYT Page2 - NRA.png,NYT Page2 - Fasion.png
